/* GENERATED by tools/png2planar.py from gfx/map.png and gfx/lights.png
 * - do not edit. Map: NASA Blue Marble; lights: NASA Black Marble
 * (both public domain), 320x160 equirectangular. */

#include "map_data.h"

const unsigned short map_palette[32] =
{
    0x105, 0xFFF, 0x000, 0xFD0, 0x4F2, 0xAAB, 0x0DF, 0xF44,
    0x350, 0x561, 0xAAA, 0xEED, 0x973, 0xEDA, 0x232, 0xDA5,
    0x004, 0xE44, 0x000, 0xEEC, 0xFD7, 0xFB0, 0xCCD, 0xFFF,
    0x121, 0x231, 0x557, 0x779, 0x432, 0x777, 0x112, 0x754,
};

const unsigned char map_planes[4][MAP_PLANE_BYTES] =
{
    {
        0x00,0x00,0x00,0x00,0x00,0x00,0x00,0x00,0x00,0x00,0x00,0x00,0x00,0x00,0x00,0x00,
        0x00,0x00,0x00,0x00,0x00,0x00,0x00,0x00,0x00,0x00,0x00,0x00,0x00,0x00,0x00,0x00,
        0x00,0x00,0x00,0x00,0x00,0x00,0x00,0x00,0x00,0x00,0x00,0x00,0x00,0x00,0x00,0x00,
        0x00,0x00,0x00,0x00,0x00,0x00,0x00,0x00,0x00,0x00,0x00,0x00,0x00,0x00,0x00,0x00,
        0x00,0x00,0x00,0x00,0x00,0x00,0x00,0x00,0x00,0x00,0x00,0x00,0x00,0x00,0x00,0x00,
        0x00,0x00,0x00,0x00,0x00,0x00,0x00,0x00,0x00,0x00,0x00,0x00,0x00,0x00,0x00,0x00,
        0x00,0x00,0x00,0x00,0x00,0x00,0x00,0x00,0x00,0x00,0x00,0x00,0x00,0x00,0x00,0x00,
        0x00,0x00,0x00,0x00,0x00,0x00,0x00,0x00,0x00,0x00,0x00,0x00,0x00,0x00,0x00,0x00,
        0x00,0x00,0x00,0x00,0x00,0x00,0x00,0x00,0x00,0x00,0x00,0x00,0x00,0x00,0x00,0x00,
        0x00,0x00,0x00,0x00,0x00,0x00,0x00,0x00,0x00,0x00,0x00,0x00,0x00,0x00,0x00,0x00,
        0x00,0x00,0x00,0x00,0x00,0x00,0x00,0x00,0x00,0x00,0x00,0x00,0x00,0x00,0x00,0x00,
        0x00,0x00,0x00,0x00,0x00,0x00,0x00,0x00,0x00,0x00,0x00,0x00,0x00,0x00,0x00,0x00,
        0x00,0x00,0x00,0x00,0x00,0x00,0x00,0x00,0x00,0x00,0x00,0x00,0x00,0x00,0x00,0x00,
        0x00,0x00,0x00,0x00,0x00,0x00,0x00,0x00,0x00,0x00,0x00,0x00,0x00,0x00,0x00,0x00,
        0x00,0x00,0x00,0x00,0x00,0x00,0x00,0x00,0x00,0x00,0x00,0x00,0x00,0x00,0x00,0x00,
        0x00,0x00,0x00,0x00,0x00,0x00,0x00,0x00,0x00,0x00,0x00,0x3F,0x80,0x00,0x00,0xFF,
        0xFF,0x80,0x00,0x00,0x00,0x00,0x00,0x00,0x00,0x00,0x00,0x00,0x00,0x00,0x00,0x00,
        0x00,0x00,0x00,0x00,0x00,0x00,0x00,0x00,0x00,0x00,0x00,0x00,0x00,0x00,0x00,0x00,
        0x00,0x00,0xFF,0xFF,0xF8,0x7F,0xFF,0xFF,0xFF,0xA0,0xE0,0x00,0x00,0x00,0x00,0x00,
        0x00,0x00,0x00,0x00,0x00,0x00,0x00,0x00,0x00,0x00,0x00,0x00,0x00,0x00,0x00,0x00,
        0x00,0x00,0x00,0x00,0x00,0x00,0x00,0x00,0x00,0x1E,0x01,0xFF,0x83,0xFF,0xFF,0xFF,
        0xFF,0xFF,0x00,0x00,0x00,0x00,0x00,0x00,0x00,0x00,0x04,0x00,0x00,0x00,0x3C,0x00,
        0x00,0x00,0x00,0x00,0x00,0x00,0x00,0x00,0x00,0x00,0x00,0x00,0x00,0x00,0x00,0x00,
        0x00,0x03,0x80,0xF0,0x03,0xFF,0xFF,0xFF,0xFF,0xFC,0x00,0x00,0x00,0x11,0x80,0x00,
        0x00,0x00,0x00,0x00,0x00,0x00,0x01,0x80,0x00,0x00,0x00,0x00,0x00,0x00,0x00,0x00,
        0x00,0x00,0x00,0x00,0x00,0x00,0x00,0x04,0x00,0x00,0x03,0xE0,0x3F,0xFF,0xFF,0xFF,
        0xFF,0xF8,0x00,0x00,0x00,0x01,0x00,0x00,0x00,0x00,0x00,0x00,0x00,0x00,0x00,0x00,
        0x00,0x00,0x00,0x00,0x00,0x00,0x00,0x00,0x00,0x00,0x00,0x00,0x00,0x00,0x00,0x00,
        0x00,0x00,0x10,0xC0,0x17,0xFF,0xFF,0xFF,0xFF,0xF0,0x00,0x00,0x00,0x02,0x00,0x00,
        0x00,0x00,0x00,0x00,0x00,0x00,0x00,0x10,0x00,0x00,0x00,0x00,0x00,0x00,0x00,0x00,
        0x00,0x00,0x00,0x00,0x00,0x00,0x10,0x01,0x03,0x83,0x00,0x00,0x00,0x1F,0xFF,0xFF,
        0xFF,0xF8,0x00,0x00,0x00,0x00,0x00,0x00,0x00,0x00,0x02,0x00,0x00,0x00,0x00,0x00,
        0x00,0x00,0x00,0x10,0x00,0x00,0x00,0x00,0x00,0x00,0x00,0x00,0x00,0x00,0x00,0x24,
        0x00,0x01,0x09,0x00,0x00,0x07,0xFF,0xFF,0xFF,0xF2,0x00,0x00,0x00,0x00,0x00,0x00,
        0x00,0x00,0x38,0x00,0x00,0x05,0x01,0x2D,0x70,0x00,0x00,0x11,0x00,0x00,0x00,0x00,
        0x00,0x00,0x00,0x00,0x00,0x00,0x40,0x80,0x00,0x0C,0x00,0x00,0x00,0x01,0xFF,0xFF,
        0xFF,0x80,0x00,0x00,0x00,0x00,0x00,0x00,0x00,0x00,0x00,0x00,0x00,0x4A,0x44,0x13,
        0xF8,0x02,0x00,0x00,0x00,0x00,0x00,0x00,0x00,0x00,0x00,0x00,0x00,0x00,0x26,0x00,
        0x21,0x00,0xA1,0x50,0x00,0x00,0xFF,0xFF,0xFF,0x00,0x00,0x00,0x00,0x00,0x00,0x00,
        0x00,0x00,0x00,0x06,0x02,0x35,0xB7,0xFE,0x40,0x7D,0x80,0x00,0x00,0x00,0x00,0x00,
        0x00,0x00,0x00,0x00,0x00,0x00,0x10,0x81,0x81,0x10,0x6B,0x00,0x00,0x00,0x3F,0xFF,
        0xFE,0x00,0x00,0x00,0x00,0x00,0x00,0x00,0x00,0x01,0x40,0x09,0xC9,0x2F,0x7F,0xF1,
        0x7D,0xF5,0x62,0x1F,0x5C,0x00,0x00,0x00,0x00,0x00,0x5F,0xB4,0x00,0x02,0x00,0x55,
        0x38,0x20,0x29,0x42,0xC0,0x00,0x1F,0xFF,0xFE,0x10,0x00,0x00,0x00,0x00,0x07,0xE0,
        0x00,0x00,0x00,0x1E,0x3E,0xFF,0xF7,0x15,0x97,0x77,0xDE,0xFD,0xF5,0xDC,0x00,0x00,
        0x00,0x00,0xAF,0xAA,0xFB,0x57,0xE4,0x4D,0x38,0x6E,0x00,0x4E,0x80,0x00,0x1F,0xFF,
        0xFF,0x80,0x00,0x00,0x00,0x00,0x7F,0x32,0x00,0x10,0x03,0xC7,0x2F,0xE7,0x36,0x7F,
        0xED,0xD4,0xB7,0xD7,0xFD,0xDD,0xFC,0x5A,0x40,0x07,0xF5,0xFA,0xFE,0x24,0xD1,0xC0,
        0xD0,0xE8,0x00,0x08,0x80,0x00,0x7F,0xFF,0xE0,0x00,0x00,0x00,0x00,0x01,0xD0,0x43,
        0xC1,0x07,0xFF,0xE7,0x83,0xF1,0xAD,0xDB,0xEF,0x6A,0x9E,0xFF,0x54,0x2E,0xE9,0xA1,
        0x8A,0x00,0xF8,0x29,0x03,0x15,0x02,0xD5,0x2A,0xD0,0x24,0x01,0xA4,0x80,0x8F,0xFF,
        0xC0,0x00,0x00,0x00,0x00,0x05,0x00,0x00,0x30,0x18,0x4B,0xFD,0x7E,0x82,0xBF,0xFE,
        0x1F,0xD9,0xBB,0xA5,0xAF,0xFF,0x7E,0x6C,0x12,0x1F,0xEB,0x42,0x1D,0x69,0x41,0x54,
        0xDF,0xE8,0x00,0x02,0x80,0x00,0x1F,0xFC,0x00,0x1B,0xE0,0x00,0x00,0x0C,0x00,0x00,
        0x00,0x40,0x01,0x06,0xF6,0x00,0x4B,0xB7,0xFD,0x08,0xBF,0xEF,0xF9,0x6B,0xFF,0xDD,
        0x04,0x0C,0x60,0x00,0x9F,0xEB,0x6D,0x5A,0xDE,0xCE,0x86,0x13,0xA8,0x00,0x0F,0xF0,
        0x00,0x08,0x60,0x00,0x00,0x18,0x00,0x00,0x00,0x00,0x04,0x01,0x10,0x00,0x20,0x9A,
        0x56,0x26,0x7F,0xF6,0xBD,0x2F,0xBF,0xFE,0x00,0x01,0x50,0x4B,0x00,0x1F,0x52,0x6A,
        0xB3,0x64,0x10,0x00,0x40,0x00,0x0F,0xE0,0x00,0x00,0x00,0x00,0x00,0x00,0x00,0x00,
        0x00,0x00,0x00,0x00,0x00,0x00,0x00,0x44,0x08,0x09,0x01,0x5F,0xFE,0xDF,0xFD,0xFE,
        0x00,0x0F,0xC3,0x91,0x44,0x45,0x0A,0x81,0xE5,0x40,0x00,0x00,0x00,0x00,0x1F,0xC0,
        0x00,0x00,0x00,0x00,0x03,0xE0,0x00,0x00,0x00,0x00,0x00,0x00,0x08,0x00,0x00,0x11,
        0x40,0x2A,0x94,0x5B,0x5A,0xFF,0x9F,0xFA,0x00,0x07,0xD0,0x01,0x1C,0x42,0x40,0x0A,
        0xAE,0x80,0x00,0x17,0x00,0x00,0x02,0xC0,0x00,0x00,0x00,0x00,0x06,0x00,0x00,0x00,
        0x00,0x00,0x00,0x00,0x24,0x00,0x00,0x02,0x10,0x00,0x00,0x28,0xF7,0xE1,0x1F,0x80,
        0x00,0x17,0xEC,0x10,0x1A,0x10,0x00,0x08,0x92,0x50,0x00,0x1E,0x42,0x00,0x00,0x00,
        0x00,0x00,0x00,0x00,0x06,0x00,0x00,0x00,0x00,0x00,0x00,0x00,0x02,0x00,0x00,0x00,
        0x00,0x00,0x98,0x91,0x15,0x80,0x40,0x00,0x00,0x00,0x9A,0x00,0x00,0x40,0x80,0x10,
        0xAE,0x60,0x00,0x3B,0xC4,0x00,0x00,0x00,0x00,0x00,0x00,0x00,0x02,0x00,0x00,0x00,
        0x00,0x00,0x00,0x00,0x00,0x00,0x00,0x00,0x02,0x42,0x00,0x18,0x00,0x01,0x00,0x00,
        0x00,0x00,0x02,0x00,0x00,0x0E,0xC0,0x07,0xA3,0x58,0x00,0x0F,0xFD,0x80,0x00,0x00,
        0x00,0x00,0x00,0x18,0x00,0x00,0x00,0x00,0x00,0x00,0x00,0x00,0x00,0x00,0x00,0x00,
        0x00,0xA8,0x80,0x20,0x00,0x03,0x00,0x00,0x00,0x00,0x10,0x00,0x00,0x01,0x00,0x00,
        0x90,0xA8,0x00,0x0D,0xEA,0x80,0x00,0x00,0x00,0x00,0x00,0x1C,0x00,0x80,0x00,0x00,
        0x00,0x00,0x00,0x00,0x10,0x00,0x00,0x00,0x0D,0xE4,0x24,0x40,0x00,0x0A,0x00,0x00,
        0x00,0x00,0x00,0x00,0x00,0x00,0x03,0x00,0x05,0x20,0x80,0x13,0x42,0x80,0x00,0x00,
        0x00,0x00,0x00,0x0C,0x01,0x00,0x04,0x00,0x00,0x09,0x40,0x01,0xFE,0x50,0x00,0x00,
        0x24,0x01,0x00,0x80,0x00,0x11,0x00,0x00,0x00,0x00,0x00,0x00,0x00,0x04,0x00,0x00,
        0x00,0x80,0x14,0x24,0x28,0xA0,0x00,0x00,0x00,0x00,0x00,0xE6,0x00,0x80,0x00,0x00,
        0x01,0x2F,0x40,0xBF,0xFF,0x48,0x80,0x00,0x15,0x48,0x00,0x00,0x00,0x00,0x00,0x00,
        0x00,0x00,0x00,0x00,0x00,0x00,0x00,0x3F,0xFA,0x00,0x00,0x20,0x40,0x00,0x00,0x00,
        0x00,0x00,0x01,0xE7,0x04,0xA1,0x5A,0x10,0x77,0x6D,0xC7,0xFF,0x7F,0xA0,0x40,0x00,
        0x10,0x00,0x00,0x00,0x00,0x00,0x00,0x00,0x00,0x00,0x00,0x00,0x00,0x01,0x03,0xB8,
        0x38,0x00,0x01,0x00,0x28,0x00,0x00,0x00,0x00,0x00,0x01,0x8B,0xCF,0x69,0xFB,0x29,
        0xEB,0xFF,0xDE,0xBF,0x83,0xF0,0x00,0x80,0x25,0x00,0x20,0x00,0x00,0x10,0x00,0x00,
        0x00,0x00,0x00,0x00,0x00,0x01,0x61,0xA2,0x1C,0x40,0x00,0x00,0x00,0x00,0x00,0x00,
        0x00,0x00,0x00,0x0F,0x9C,0x33,0xFA,0x5F,0xFF,0xDD,0x60,0x02,0xC9,0xC0,0xD8,0x81,
        0x07,0x80,0x40,0x00,0x00,0x00,0x00,0x00,0x00,0x00,0x00,0x00,0x00,0x00,0x20,0x24,
        0x3F,0xC0,0x00,0x00,0x00,0x00,0x00,0x00,0x00,0x00,0x00,0x00,0x55,0x44,0x4F,0xF6,
        0xFF,0x96,0x10,0x20,0x50,0xC2,0x07,0xE6,0x08,0x31,0x60,0x00,0x00,0x00,0x00,0x00,
        0x00,0x00,0x00,0x00,0x00,0x00,0x00,0x0A,0x0F,0xE0,0x00,0x00,0x00,0x00,0x00,0x00,
        0x00,0x00,0x00,0x03,0xFD,0xA7,0x13,0xF7,0x7E,0xA0,0x05,0x8C,0x04,0x7C,0x78,0x7C,
        0x31,0x02,0x80,0x00,0x00,0x00,0x00,0x00,0x00,0x00,0x00,0x00,0x00,0x00,0x01,0x04,
        0x2F,0xE0,0x00,0x00,0x00,0x00,0x00,0x00,0x00,0x00,0x00,0x0F,0xFC,0x03,0xF9,0xFF,
        0xFF,0x5F,0xF7,0xEB,0xB4,0x09,0x7D,0x49,0x04,0x2F,0x00,0x00,0x00,0x00,0x00,0x00,
        0x00,0x00,0x00,0x00,0x00,0x00,0x01,0x9C,0x4F,0xE0,0x00,0x00,0x00,0x00,0x00,0x00,
        0x00,0x00,0x00,0x03,0xFA,0x83,0xF4,0xFF,0xBE,0x6E,0xFF,0xFF,0x50,0x97,0x5F,0xAB,
        0x6A,0x1B,0x82,0x00,0x00,0x00,0x00,0x00,0x00,0x00,0x00,0x00,0x00,0x00,0x0B,0x95,
        0x83,0xF8,0x00,0x00,0x00,0x00,0x00,0x00,0x00,0x00,0x00,0x00,0xFB,0xC0,0xF1,0xE7,
        0x7C,0x42,0xFB,0xFF,0x9F,0x9F,0xBF,0xFF,0xF8,0xF5,0xCC,0x00,0x00,0x00,0x00,0x00,
        0x00,0x00,0x00,0x00,0x00,0x00,0x02,0x8F,0x5A,0xEE,0x80,0x00,0x00,0x00,0x00,0x00,
        0x00,0x00,0x00,0x01,0xFE,0x66,0xEF,0x42,0x2F,0xC3,0xF3,0xFF,0xF8,0x17,0xDB,0xFF,
        0xFF,0xA3,0x84,0x00,0x00,0x00,0x00,0x00,0x00,0x00,0x00,0x00,0x00,0x00,0x08,0x07,
        0xB3,0xE5,0x45,0x80,0x00,0x00,0x00,0x00,0x00,0x00,0x00,0xD5,0xF8,0x72,0xAF,0x80,
        0x07,0x67,0xFF,0xFF,0x8F,0xFA,0xEF,0xFF,0xFF,0xD7,0x00,0x00,0x00,0x00,0x00,0x00,
        0x00,0x00,0x00,0x00,0x00,0x00,0x11,0x02,0x9C,0xF5,0x4C,0x00,0x00,0x00,0x00,0x00,
        0x00,0x00,0x00,0xE5,0xC0,0x38,0x7F,0x80,0x01,0x63,0xFF,0xFD,0xD6,0x5B,0xFF,0xFF,
        0xFE,0xDE,0x00,0x00,0x00,0x00,0x00,0x00,0x00,0x00,0x00,0x00,0x00,0x00,0x0C,0x99,
        0x47,0xFD,0x2C,0x00,0x00,0x00,0x00,0x00,0x00,0x00,0x00,0xD9,0x00,0x0B,0x7D,0xAE,
        0x8F,0xF0,0xFF,0xFC,0x75,0xFF,0xFF,0xFF,0xF9,0xFF,0x00,0x00,0x00,0x00,0x00,0x00,
        0x00,0x00,0x00,0x00,0x00,0x00,0x03,0x36,0xE9,0xFB,0x56,0x14,0x00,0x00,0x00,0x00,
        0x00,0x00,0x00,0xBD,0x00,0x82,0x79,0xD4,0x04,0xF1,0xFF,0xF0,0x7F,0xFF,0xFF,0xFF,
        0xE3,0x48,0x00,0x00,0x00,0x00,0x00,0x00,0x00,0x00,0x00,0x00,0x00,0x00,0x0B,0xB6,
        0xEC,0x7E,0xA0,0x00,0x00,0x00,0x00,0x00,0x00,0x00,0x00,0x02,0x00,0x02,0x18,0x5F,
        0xE9,0x91,0xFF,0xF2,0x6F,0xFF,0xFF,0x7F,0xFF,0x81,0x80,0x00,0x00,0x00,0x00,0x00,
        0x00,0x00,0x00,0x00,0x00,0x00,0x14,0x86,0x40,0xBE,0xA8,0x00,0x00,0x00,0x00,0x00,
        0x00,0x00,0x00,0x0A,0x00,0x10,0x18,0xB7,0xC7,0x60,0xFF,0xFC,0x7F,0xFF,0xFF,0xFF,
        0xD7,0xF1,0x80,0x00,0x00,0x00,0x00,0x00,0x00,0x00,0x00,0x00,0x00,0x00,0x00,0xFF,
        0x61,0x7F,0xFA,0x40,0x00,0x00,0x00,0x00,0x00,0x00,0x00,0x30,0x28,0xC0,0x00,0x2A,
        0x7F,0xE5,0x7F,0xFE,0x4F,0xFF,0xFF,0xAF,0xDF,0xF0,0x40,0x28,0x00,0x00,0x00,0x00,
        0x00,0x00,0x00,0x00,0x00,0x00,0x0D,0xE6,0xC0,0x7B,0xFD,0x20,0x00,0x00,0x00,0x00,
        0x00,0x00,0x00,0x10,0xFF,0xC0,0x00,0x04,0xFF,0xFF,0xFF,0xFF,0xE7,0xFF,0xFF,0x24,
        0xFF,0xE0,0xC0,0x80,0x00,0x00,0x00,0x00,0x00,0x00,0x00,0x00,0x00,0x00,0x01,0xF0,
        0x20,0x7B,0xFD,0xC0,0x00,0x00,0x00,0x00,0x00,0x00,0x00,0x1F,0xFF,0xC0,0x00,0x00,
        0xFF,0xBF,0xFF,0xFD,0xA3,0xFF,0xE4,0xEF,0xFF,0xE0,0x82,0x80,0x00,0x00,0x00,0x00,
        0x00,0x00,0x00,0x00,0x00,0x00,0x00,0xF8,0x5D,0xBB,0xF5,0x00,0x00,0x00,0x00,0x00,
        0x00,0x00,0x00,0x6F,0xFF,0xC0,0x00,0x00,0xFF,0xEF,0xFF,0xFF,0xF5,0xFF,0xC7,0xF4,
        0x3F,0xF0,0x18,0x00,0x00,0x00,0x00,0x00,0x00,0x00,0x00,0x00,0x00,0x00,0x00,0x7B,
        0xFF,0x32,0x3F,0x00,0x00,0x00,0x00,0x00,0x00,0x00,0x00,0xFF,0xFF,0xF8,0x38,0x01,
        0xFF,0xFF,0xFF,0xFF,0xBB,0xFF,0xAF,0xE0,0x1F,0xF0,0x00,0x00,0x00,0x00,0x00,0x00,
        0x00,0x00,0x00,0x00,0x00,0x00,0x00,0x58,0xFC,0xA6,0x9E,0x00,0x00,0x00,0x00,0x00,
        0x00,0x00,0x00,0xFF,0xFF,0xFE,0x3F,0x97,0xFF,0xFF,0xFF,0xFF,0xB9,0x7D,0x47,0xCF,
        0x1F,0xF0,0x00,0x00,0x00,0x00,0x00,0x00,0x00,0x00,0x00,0x00,0x00,0x00,0x00,0x0B,
        0x7D,0x72,0x02,0x00,0x00,0x00,0x00,0x00,0x00,0x00,0x00,0xFF,0xFF,0xFF,0xFF,0xFF,
        0xFF,0xE7,0xFF,0xFF,0xFD,0xE1,0x09,0xEF,0x5F,0xB8,0x00,0x00,0x00,0x00,0x00,0x00,
        0x00,0x00,0x00,0x00,0x00,0x00,0x00,0x06,0x32,0x60,0x03,0x00,0x00,0x00,0x00,0x00,
        0x00,0x00,0x03,0xFF,0xFF,0xFF,0xFF,0xFF,0xFF,0xE7,0xFF,0xFF,0xF7,0x4A,0xC1,0xC5,
        0x1F,0xD8,0x00,0x00,0x00,0x00,0x00,0x00,0x00,0x00,0x00,0x00,0x00,0x00,0x00,0x10,
        0xBB,0x40,0x01,0x80,0x00,0x00,0x00,0x00,0x00,0x00,0x0F,0xFF,0xFF,0xFF,0xFF,0xFC,
        0xFF,0xF1,0xFF,0xFF,0xE9,0xE9,0x2B,0xB5,0x5F,0x30,0x00,0x00,0x00,0x00,0x00,0x00,
        0x00,0x00,0x00,0x00,0x00,0x00,0x00,0x01,0x59,0xC0,0x01,0x80,0x00,0x00,0x00,0x00,
        0x00,0x00,0x0F,0xFF,0xFF,0xFF,0xFF,0xFE,0x7F,0xF0,0x1F,0xFF,0xE6,0x1F,0x3F,0xFF,
        0x3B,0x60,0x00,0x00,0x00,0x00,0x00,0x00,0x00,0x00,0x00,0x00,0x00,0x00,0x00,0x01,
        0xDC,0x40,0x00,0x80,0x00,0x00,0x00,0x00,0x00,0x00,0x1F,0xFF,0xFF,0xFF,0xFF,0xFE,
        0x7F,0xF8,0x00,0x1F,0xCB,0x39,0xFF,0xEA,0xFF,0xE0,0x00,0x00,0x00,0x00,0x00,0x00,
        0x00,0x00,0x00,0x00,0x00,0x00,0x00,0x00,0x6F,0x80,0x00,0x00,0x00,0x00,0x00,0x00,
        0x00,0x00,0x3F,0xFF,0xFF,0xFF,0xFF,0xFE,0x1F,0xFC,0xC0,0x0F,0x8C,0x20,0xFF,0xFF,
        0xF7,0x90,0x00,0x00,0x00,0x00,0x00,0x00,0x00,0x00,0x00,0x00,0x00,0x00,0x00,0x00,
        0x01,0x80,0x01,0x00,0x00,0x00,0x00,0x00,0x00,0x00,0x3F,0xFF,0xFF,0xFF,0xFF,0xFE,
        0x0F,0xFF,0xF0,0x07,0xE4,0x13,0xFF,0xFF,0xFF,0x10,0x00,0x00,0x00,0x00,0x00,0x00,
        0x00,0x00,0x00,0x00,0x00,0x00,0x00,0x00,0x1D,0x80,0x00,0xE0,0x00,0x00,0x00,0x00,
        0x00,0x00,0x7F,0xFF,0xFF,0xFF,0xFF,0xFF,0x9F,0xFF,0xF8,0x06,0xF3,0xDD,0xFF,0xFF,
        0xFC,0x00,0x00,0x00,0x00,0x00,0x00,0x00,0x00,0x00,0x00,0x00,0x00,0x00,0x00,0x00,
        0x1D,0xC0,0xE0,0x38,0x00,0x00,0x00,0x00,0x00,0x00,0x7F,0xFF,0xFF,0xFF,0xFF,0xFF,
        0x9F,0xFF,0xF0,0x01,0x60,0xDC,0x3F,0xFE,0x60,0x00,0x00,0x00,0x00,0x00,0x00,0x00,
        0x00,0x00,0x00,0x00,0x00,0x00,0x00,0x00,0x19,0x41,0xC0,0x00,0x00,0x00,0x00,0x00,
        0x00,0x00,0x3F,0xFF,0xFF,0xFF,0xFF,0xFF,0x8F,0xFF,0xE0,0x00,0xDD,0x70,0x1B,0xFE,
        0x60,0x00,0x00,0x00,0x00,0x00,0x00,0x00,0x00,0x00,0x00,0x00,0x00,0x00,0x00,0x00,
        0x06,0xE7,0xC0,0x00,0xC0,0x00,0x00,0x00,0x00,0x00,0x3F,0xFF,0xFF,0xFF,0xFF,0xFF,
        0xCF,0xFF,0xC0,0x00,0x34,0x20,0x1F,0xFC,0x40,0x00,0x00,0x00,0x00,0x00,0x00,0x00,
        0x00,0x00,0x00,0x00,0x00,0x00,0x00,0x00,0x00,0xFF,0xC0,0x00,0x00,0x00,0x00,0x00,
        0x00,0x00,0x7F,0xFF,0xFF,0xFF,0xFF,0xFF,0xC3,0xFF,0x80,0x00,0x2A,0xC0,0x03,0xFE,
        0x00,0x18,0x00,0x00,0x00,0x00,0x00,0x00,0x00,0x00,0x00,0x00,0x00,0x00,0x00,0x00,
        0x00,0x25,0x80,0x00,0x00,0x00,0x00,0x00,0x00,0x00,0x3F,0xFF,0xFF,0xFF,0xFF,0xFF,
        0xE3,0xFE,0x00,0x00,0x5C,0x80,0x07,0xFB,0x00,0x10,0x00,0x00,0x00,0x00,0x00,0x00,
        0x00,0x00,0x00,0x00,0x00,0x00,0x00,0x00,0x00,0x02,0x7C,0x00,0x00,0x00,0x00,0x00,
        0x00,0x00,0x7F,0xFF,0xFF,0xFF,0xFF,0xFF,0xE3,0xF8,0x00,0x00,0x3B,0x00,0x01,0xE7,
        0x80,0x10,0x00,0x00,0x00,0x00,0x00,0x00,0x00,0x00,0x00,0x00,0x00,0x00,0x00,0x00,
        0x00,0x00,0xBC,0x00,0x00,0x00,0x00,0x00,0x00,0x00,0x02,0x7F,0xFF,0xFF,0xFF,0xFC,
        0xFB,0xF0,0x00,0x00,0x2E,0x00,0x01,0xFF,0x80,0x10,0x00,0x00,0x00,0x00,0x00,0x00,
        0x00,0x00,0x00,0x00,0x00,0x00,0x00,0x00,0x00,0x00,0x3C,0x00,0x00,0x00,0x00,0x00,
        0x00,0x00,0x6F,0xEB,0xFF,0xFF,0xFB,0xF9,0xE8,0x00,0x00,0x00,0x29,0x00,0x01,0xFF,
        0x80,0x04,0x00,0x00,0x00,0x00,0x00,0x00,0x00,0x00,0x00,0x00,0x00,0x00,0x00,0x00,
        0x00,0x00,0x1C,0x00,0x00,0x00,0x00,0x00,0x00,0x00,0x3F,0xF9,0x9F,0xEC,0xFF,0xDF,
        0xFC,0x08,0x00,0x00,0x10,0x00,0x00,0x1F,0x80,0x01,0x00,0x00,0x00,0x00,0x00,0x00,
        0x00,0x00,0x00,0x00,0x00,0x00,0x00,0x00,0x00,0x00,0x0C,0x00,0xE1,0x00,0x00,0x00,
        0x00,0x00,0x3F,0xFE,0x21,0x9F,0xF8,0xFF,0xFF,0x38,0x00,0x00,0x00,0x00,0x01,0x0F,
        0x00,0x04,0x00,0x00,0x00,0x00,0x00,0x00,0x00,0x00,0x00,0x00,0x00,0x00,0x00,0x00,
        0x00,0x00,0x06,0x0C,0x7F,0xC0,0x00,0x00,0x00,0x00,0x1F,0xFA,0x32,0x1B,0xFF,0xFF,
        0xF7,0xF8,0x00,0x00,0x0B,0x00,0x01,0x06,0x00,0x04,0x00,0x00,0x00,0x00,0x00,0x00,
        0x00,0x00,0x00,0x00,0x00,0x00,0x00,0x00,0x00,0x00,0x03,0xA2,0xF8,0xE0,0x00,0x00,
        0x00,0x00,0x0F,0xFF,0xCD,0x7F,0xFF,0xFF,0xEF,0xF8,0x00,0x00,0x09,0x00,0x01,0x80,
        0x00,0x01,0x80,0x00,0x00,0x00,0x00,0x00,0x00,0x00,0x00,0x00,0x00,0x00,0x00,0x00,
        0x00,0x00,0x00,0x11,0xBF,0x90,0x00,0x00,0x00,0x00,0x07,0xFF,0xBE,0xFF,0xEF,0xFF,
        0xF7,0xF0,0x00,0x00,0x01,0x80,0x00,0xC0,0x00,0x01,0x00,0x00,0x00,0x00,0x00,0x00,
        0x00,0x00,0x00,0x00,0x00,0x00,0x00,0x00,0x00,0x00,0x00,0x03,0xFA,0x08,0x00,0x00,
        0x00,0x00,0x03,0xFF,0xFD,0xFF,0xFF,0xFF,0xF7,0xF0,0x00,0x00,0x01,0x00,0x00,0x60,
        0x01,0x80,0x00,0x00,0x00,0x00,0x00,0x00,0x00,0x00,0x00,0x00,0x00,0x00,0x00,0x00,
        0x00,0x00,0x00,0x1B,0xF0,0x67,0x80,0x00,0x00,0x00,0x00,0xFF,0x03,0xFF,0xFB,0xFE,
        0xDF,0xE0,0x00,0x00,0x00,0x00,0x04,0x60,0x02,0xC0,0x00,0x00,0x00,0x00,0x00,0x00,
        0x00,0x00,0x00,0x00,0x00,0x00,0x00,0x00,0x00,0x00,0x00,0x1F,0xF0,0x70,0x40,0x00,
        0x00,0x00,0x00,0x00,0x00,0xFC,0xF0,0x7F,0xE6,0xC0,0x00,0x00,0x00,0x00,0x03,0x20,
        0x04,0x00,0x00,0x00,0x00,0x00,0x00,0x00,0x00,0x00,0x00,0x00,0x00,0x00,0x00,0x00,
        0x00,0x00,0x00,0x1F,0x80,0x70,0x20,0x00,0x00,0x00,0x00,0x00,0x00,0x78,0x00,0x1F,
        0x98,0x80,0x00,0x00,0x00,0x00,0x01,0xA0,0x10,0x00,0x00,0x00,0x00,0x00,0x00,0x00,
        0x00,0x00,0x00,0x00,0x00,0x00,0x00,0x00,0x00,0x00,0x00,0x1C,0x80,0x20,0x10,0x00,
        0x00,0x00,0x00,0x00,0x00,0x58,0x10,0x0F,0xF1,0x00,0x00,0x00,0x00,0x00,0x00,0xD8,
        0x30,0x00,0x00,0x00,0x00,0x00,0x00,0x00,0x00,0x00,0x00,0x00,0x00,0x00,0x00,0x00,
        0x00,0x00,0x00,0x10,0x00,0x00,0x18,0x00,0x00,0x00,0x00,0x00,0x00,0xD0,0x00,0x0B,
        0xBA,0x00,0x00,0x00,0x00,0x00,0x00,0x90,0x60,0x00,0x00,0x00,0x00,0x00,0x00,0x00,
        0x00,0x00,0x00,0x00,0x00,0x00,0x00,0x00,0x00,0x00,0x00,0x60,0x00,0x00,0x18,0x00,
        0x00,0x00,0x00,0x00,0x00,0x98,0x00,0x11,0xFC,0x00,0x00,0x00,0x00,0x00,0x00,0x48,
        0x40,0x00,0x00,0x00,0x00,0x00,0x00,0x00,0x00,0x00,0x00,0x00,0x00,0x00,0x00,0x00,
        0x00,0x00,0x00,0x80,0x00,0x00,0x07,0x00,0x00,0x00,0x00,0x00,0x00,0x8C,0x00,0x13,
        0x08,0x00,0x00,0x00,0x00,0x00,0x00,0x2C,0x10,0x20,0x06,0x00,0x00,0x00,0x00,0x00,
        0x00,0x00,0x00,0x00,0x00,0x00,0x00,0x00,0x00,0x00,0x00,0x40,0x00,0x00,0x00,0xE8,
        0x00,0x00,0x00,0x00,0x00,0x5E,0x00,0x3A,0x70,0x00,0x00,0x00,0x00,0x00,0x00,0x18,
        0x20,0x00,0x02,0x38,0x00,0x00,0x00,0x00,0x00,0x00,0x00,0x00,0x00,0x00,0x00,0x00,
        0x00,0x00,0x00,0x40,0x00,0x00,0x01,0x3C,0x00,0x00,0x00,0x00,0x00,0x3F,0x80,0x1B,
        0x20,0x00,0x00,0x00,0x00,0x00,0x00,0x04,0x00,0x28,0x00,0x07,0x00,0x00,0x00,0x00,
        0x00,0x00,0x00,0x00,0x00,0x00,0x00,0x00,0x00,0x00,0x00,0x00,0x00,0x00,0x04,0x3D,
        0x00,0x00,0x00,0x00,0x00,0x1C,0x81,0x1D,0xE0,0x00,0x00,0x00,0x00,0x00,0x00,0x00,
        0x00,0x00,0x00,0x38,0x00,0x00,0x00,0x00,0x00,0x00,0x00,0x00,0x00,0x00,0x00,0x00,
        0x00,0x00,0x00,0x60,0x00,0x00,0x0B,0xBC,0x80,0x00,0x00,0x00,0x00,0x1D,0xE7,0x5E,
        0x40,0x00,0x00,0x00,0x00,0x00,0x00,0x02,0x00,0x00,0x00,0x1E,0x60,0x00,0x00,0x00,
        0x00,0x00,0x00,0x00,0x00,0x00,0x00,0x00,0x00,0x00,0x00,0x60,0x00,0x00,0x1F,0xF6,
        0x80,0x00,0x00,0x00,0x00,0x0B,0xDF,0x9C,0xC0,0x00,0x00,0x00,0x00,0x00,0x00,0x01,
        0xF8,0x00,0x00,0x03,0x80,0x00,0x00,0x00,0x00,0x00,0x00,0x00,0x00,0x00,0x00,0x00,
        0x00,0x00,0x00,0x10,0x00,0x00,0x0F,0xAB,0x80,0x00,0x00,0x00,0x00,0x0B,0x76,0xA7,
        0x60,0x00,0x00,0x00,0x00,0x00,0x00,0x00,0x00,0x00,0x00,0x05,0x10,0x00,0x00,0x00,
        0x00,0x00,0x00,0x00,0x00,0x00,0x00,0x00,0x00,0x00,0x00,0x10,0x00,0x00,0x0F,0xE3,
        0x80,0x00,0x00,0x00,0x00,0x0E,0xFD,0xBF,0xA0,0x00,0x00,0x00,0x00,0x00,0x00,0x00,
        0x00,0x22,0x00,0x00,0x00,0x00,0x00,0x00,0x00,0x00,0x00,0x00,0x00,0x00,0x00,0x00,
        0x00,0x00,0x00,0x08,0x00,0x00,0x0D,0xDF,0x00,0x00,0x00,0x00,0x00,0x0D,0x63,0x5D,
        0xE0,0x00,0x00,0x00,0x00,0x00,0x00,0x00,0x00,0x00,0x00,0x00,0x00,0x00,0x00,0x00,
        0x00,0x00,0x00,0x00,0x00,0x00,0x00,0x00,0x00,0x00,0x00,0x08,0x00,0x00,0x1E,0xD8,
        0x00,0x00,0x00,0x00,0x00,0x0F,0x76,0xDD,0x70,0x00,0x00,0x00,0x00,0x00,0x00,0x00,
        0x00,0x00,0x04,0x00,0x00,0x00,0x00,0x00,0x00,0x00,0x00,0x00,0x00,0x00,0x00,0x00,
        0x00,0x00,0x00,0x00,0x00,0x02,0x3F,0xB8,0x00,0x00,0x00,0x00,0x00,0x07,0xBA,0xF9,
        0x70,0x10,0x00,0x00,0x00,0x00,0x00,0x00,0x00,0x00,0x0F,0x02,0x00,0x00,0x00,0x00,
        0x00,0x00,0x00,0x00,0x00,0x00,0x00,0x00,0x00,0x00,0x00,0x02,0xC0,0x0D,0xFC,0x88,
        0x00,0x00,0x00,0x00,0x00,0x0F,0xEF,0xF6,0xF0,0x10,0x00,0x00,0x00,0x00,0x00,0x00,
        0x00,0x00,0x0A,0x80,0x00,0x00,0x00,0x00,0x00,0x00,0x00,0x00,0x00,0x00,0x00,0x00,
        0x00,0x00,0x00,0x00,0x20,0x1F,0xDD,0x78,0x00,0x00,0x00,0x00,0x00,0x0D,0x8B,0xB6,
        0xF0,0x10,0x00,0x00,0x00,0x00,0x00,0x00,0x00,0x01,0x50,0x82,0x80,0x00,0x00,0x00,
        0x00,0x00,0x00,0x00,0x00,0x00,0x00,0x00,0x00,0x00,0x00,0x03,0x90,0x0F,0x6A,0xB8,
        0x00,0x00,0x00,0x00,0x00,0x08,0x04,0xE7,0x60,0x80,0x00,0x00,0x00,0x00,0x00,0x00,
        0x00,0x02,0x83,0x01,0x00,0x00,0x00,0x00,0x00,0x00,0x00,0x00,0x00,0x00,0x00,0x00,
        0x00,0x00,0x00,0x00,0x74,0x83,0x9A,0xF8,0x00,0x00,0x00,0x00,0x00,0x12,0x50,0x97,
        0x81,0x00,0x00,0x00,0x00,0x00,0x00,0x00,0x00,0x02,0x00,0xB4,0x00,0x00,0x00,0x00,
        0x00,0x00,0x00,0x00,0x00,0x00,0x00,0x00,0x00,0x00,0x00,0x00,0x1B,0xA7,0x6A,0xF8,
        0x00,0x00,0x00,0x00,0x00,0x34,0x01,0x02,0x01,0x20,0x00,0x00,0x00,0x00,0x00,0x00,
        0x00,0x01,0x48,0x40,0xC0,0x00,0x00,0x00,0x00,0x00,0x00,0x00,0x00,0x00,0x00,0x00,
        0x00,0x00,0x00,0x00,0x38,0xCF,0x56,0xF0,0x00,0x00,0x00,0x00,0x00,0x09,0x48,0x02,
        0x00,0x60,0x00,0x00,0x00,0x00,0x00,0x00,0x00,0x07,0x4E,0xAC,0x00,0x00,0x00,0x00,
        0x00,0x00,0x00,0x00,0x00,0x00,0x00,0x00,0x00,0x00,0x00,0x00,0x3F,0xEB,0xEF,0xF0,
        0x00,0x00,0x00,0x00,0x00,0x0C,0x92,0x12,0x01,0x00,0x00,0x00,0x00,0x00,0x00,0x00,
        0x00,0x9F,0x68,0x66,0x50,0x00,0x00,0x00,0x00,0x00,0x00,0x00,0x00,0x00,0x00,0x00,
        0x00,0x00,0x00,0x00,0x3E,0x6F,0xBE,0xE0,0x00,0x00,0x00,0x00,0x00,0x04,0x50,0x06,
        0x00,0x40,0x00,0x00,0x00,0x00,0x00,0x00,0x02,0x05,0x91,0x3B,0x88,0x00,0x00,0x00,
        0x00,0x00,0x00,0x00,0x00,0x00,0x00,0x00,0x00,0x00,0x00,0x00,0x3D,0xF3,0x7F,0x00,
        0x00,0x00,0x00,0x00,0x00,0x06,0xA4,0x02,0x00,0x40,0x00,0x00,0x00,0x00,0x00,0x00,
        0x02,0x0C,0x00,0xBE,0x94,0x00,0x00,0x00,0x00,0x00,0x00,0x00,0x00,0x00,0x00,0x00,
        0x00,0x00,0x00,0x00,0x3B,0xA7,0xE8,0x00,0x00,0x00,0x00,0x00,0x00,0x07,0xF0,0x86,
        0x00,0x00,0x00,0x00,0x00,0x00,0x00,0x00,0x06,0x10,0x00,0x1D,0x0A,0x00,0x00,0x00,
        0x00,0x00,0x00,0x00,0x00,0x00,0x00,0x00,0x00,0x00,0x00,0x00,0x31,0xCA,0xD0,0x00,
        0x00,0x00,0x00,0x00,0x00,0x07,0xF9,0x08,0x00,0x00,0x00,0x00,0x00,0x00,0x00,0x00,
        0x03,0x80,0x00,0x3F,0x07,0x00,0x00,0x00,0x00,0x00,0x00,0x00,0x00,0x00,0x00,0x00,
        0x00,0x00,0x00,0x00,0x2B,0x7C,0x40,0x00,0x00,0x00,0x00,0x00,0x00,0x07,0xF8,0x00,
        0x00,0x00,0x00,0x00,0x00,0x00,0x00,0x00,0x01,0x80,0x00,0xFF,0x00,0x00,0x00,0x00,
        0x00,0x00,0x00,0x00,0x00,0x00,0x00,0x00,0x00,0x00,0x00,0x00,0x49,0xF2,0xC0,0x00,
        0x00,0x00,0x00,0x00,0x00,0x03,0xF0,0x08,0x00,0x00,0x00,0x00,0x00,0x00,0x00,0x00,
        0x04,0x00,0x00,0xFE,0x81,0x00,0x00,0x00,0x00,0x00,0x00,0x00,0x00,0x00,0x00,0x00,
        0x00,0x00,0x00,0x00,0x21,0xDF,0xD0,0x00,0x00,0x00,0x00,0x00,0x00,0x01,0xF0,0x00,
        0x00,0x00,0x00,0x00,0x00,0x00,0x00,0x00,0x00,0x00,0x00,0xFF,0x01,0x00,0x00,0x00,
        0x00,0x00,0x00,0x00,0x00,0x00,0x00,0x00,0x00,0x00,0x00,0x00,0x03,0xBD,0xA0,0x00,
        0x00,0x00,0x00,0x00,0x00,0x00,0xF0,0x00,0x00,0x00,0x00,0x00,0x00,0x00,0x00,0x00,
        0x02,0x00,0x00,0xFE,0x04,0x00,0x00,0x00,0x00,0x00,0x00,0x00,0x00,0x00,0x00,0x00,
        0x00,0x00,0x00,0x00,0x80,0x37,0xE0,0x00,0x00,0x00,0x00,0x00,0x00,0x00,0x90,0x00,
        0x00,0x00,0x00,0x00,0x00,0x00,0x00,0x00,0x02,0x00,0x00,0x7C,0x0E,0x00,0x00,0x00,
        0x00,0x00,0x00,0x00,0x00,0x00,0x00,0x00,0x00,0x00,0x00,0x00,0x04,0x7F,0xC0,0x00,
        0x00,0x00,0x00,0x00,0x00,0x00,0x00,0x00,0x00,0x00,0x00,0x00,0x00,0x00,0x00,0x00,
        0x01,0x00,0x00,0x49,0x00,0x00,0x00,0x00,0x00,0x00,0x00,0x00,0x00,0x00,0x00,0x00,
        0x00,0x00,0x00,0x00,0x00,0xBB,0x80,0x00,0x00,0x00,0x00,0x00,0x00,0x00,0x80,0x00,
        0x00,0x00,0x00,0x00,0x00,0x00,0x00,0x00,0x01,0xB8,0x00,0x00,0x18,0x00,0x00,0x00,
        0x00,0x00,0x00,0x00,0x00,0x00,0x00,0x00,0x00,0x00,0x00,0x00,0x95,0xF7,0x00,0x00,
        0x00,0x00,0x00,0x00,0x00,0x00,0x40,0x00,0x00,0x00,0x00,0x00,0x00,0x00,0x00,0x00,
        0x00,0xC0,0x00,0x30,0x00,0x00,0x00,0x00,0x00,0x00,0x00,0x00,0x00,0x00,0x00,0x00,
        0x00,0x00,0x00,0x00,0x80,0xBC,0x00,0x00,0x00,0x00,0x00,0x00,0x00,0x00,0x00,0x00,
        0x00,0x00,0x00,0x00,0x00,0x00,0x00,0x00,0x00,0x00,0x00,0x00,0x28,0x00,0x00,0x20,
        0x00,0x00,0x00,0x00,0x00,0x00,0x00,0x00,0x00,0x00,0x00,0x00,0x0A,0x90,0x00,0x00,
        0x00,0x00,0x00,0x00,0x00,0x00,0x00,0x00,0x00,0x00,0x00,0x00,0x00,0x00,0x00,0x00,
        0x00,0x00,0x00,0x0E,0xC8,0x00,0x00,0x00,0x00,0x00,0x00,0x00,0x00,0x00,0x00,0x00,
        0x00,0x00,0x00,0x00,0x08,0x78,0x00,0x00,0x00,0x00,0x00,0x00,0x00,0x00,0x00,0x00,
        0x00,0x00,0x00,0x00,0x00,0x00,0x00,0x00,0x00,0x00,0x00,0x01,0x80,0x00,0x00,0x18,
        0x00,0x00,0x00,0x00,0x00,0x00,0x00,0x00,0x00,0x00,0x00,0x00,0x84,0xC0,0x00,0x00,
        0x00,0x00,0x00,0x00,0x00,0x00,0x00,0x00,0x00,0x00,0x00,0x00,0x00,0x00,0x00,0x00,
        0x00,0x00,0x00,0x00,0x00,0x00,0x00,0x14,0x00,0x00,0x00,0x00,0x00,0x00,0x00,0x00,
        0x00,0x00,0x00,0x00,0x61,0x80,0x00,0x00,0x00,0x00,0x00,0x00,0x00,0x00,0x00,0x00,
        0x00,0x00,0x00,0x00,0x00,0x00,0x00,0x00,0x00,0x00,0x00,0x00,0x00,0x00,0x00,0x08,
        0x00,0x00,0x00,0x00,0x00,0x00,0x00,0x00,0x00,0x00,0x00,0x01,0x40,0x00,0x00,0x00,
        0x00,0x00,0x00,0x00,0x00,0x00,0x00,0x00,0x00,0x00,0x00,0x00,0x00,0x00,0x00,0x00,
        0x00,0x00,0x00,0x00,0x00,0x00,0x00,0x40,0x00,0x00,0x00,0x00,0x00,0x00,0x00,0x00,
        0x00,0x00,0x00,0x00,0x40,0x00,0x00,0x00,0x00,0x00,0x00,0x00,0x00,0x00,0x00,0x00,
        0x00,0x00,0x00,0x00,0x00,0x00,0x00,0x00,0x00,0x00,0x00,0x00,0x00,0x00,0x00,0x00,
        0x00,0x00,0x00,0x00,0x00,0x00,0x00,0x00,0x00,0x00,0x00,0x00,0x80,0x00,0x00,0x00,
        0x00,0x00,0x00,0x00,0x00,0x00,0x00,0x00,0x00,0x00,0x00,0x00,0x00,0x00,0x00,0x00,
        0x00,0x00,0x00,0x00,0x00,0x00,0x00,0x80,0x00,0x00,0x00,0x00,0x00,0x00,0x00,0x00,
        0x00,0x00,0x00,0x00,0x44,0x00,0x00,0x00,0x00,0x00,0x00,0x00,0x00,0x00,0x00,0x00,
        0x00,0x00,0x00,0x00,0x00,0x00,0x00,0x00,0x00,0x00,0x00,0x00,0x00,0x00,0x00,0x00,
        0x00,0x00,0x00,0x00,0x00,0x00,0x00,0x00,0x00,0x00,0x00,0x00,0x80,0x00,0x00,0x00,
        0x00,0x00,0x00,0x00,0x00,0x00,0x00,0x00,0x00,0x00,0x00,0x00,0x00,0x00,0x00,0x00,
        0x00,0x00,0x00,0x00,0x00,0x00,0x07,0x00,0x00,0x00,0x00,0x00,0x00,0x00,0x00,0x00,
        0x00,0x00,0x00,0x00,0x40,0x00,0x00,0x00,0x00,0x00,0x00,0x00,0x00,0x00,0x00,0x00,
        0x00,0x00,0x00,0x00,0x00,0x00,0x00,0x00,0x00,0x00,0x00,0x00,0x00,0x00,0x00,0x00,
        0x00,0x00,0x00,0x00,0x00,0x00,0x00,0x00,0x00,0x00,0x00,0x01,0x04,0x00,0x00,0x00,
        0x00,0x00,0x00,0x00,0x00,0x00,0x00,0x00,0x00,0x00,0x00,0x00,0x00,0x00,0x00,0x00,
        0x00,0x00,0x00,0x00,0x00,0x00,0x00,0x00,0x00,0x00,0x00,0x00,0x00,0x00,0x00,0x00,
        0x00,0x00,0x00,0x02,0x00,0x00,0x00,0x00,0x00,0x00,0x00,0x00,0x00,0x00,0x00,0x00,
        0x00,0x00,0x00,0x00,0x00,0x00,0x00,0x00,0x00,0x00,0x00,0x00,0x00,0x00,0x00,0x00,
        0x00,0x00,0x00,0x00,0x00,0x00,0x00,0x00,0x00,0x00,0x00,0x01,0x00,0x00,0x00,0x00,
        0x00,0x00,0x00,0x00,0x00,0x00,0x00,0x00,0x00,0x00,0x00,0x00,0x00,0x00,0x00,0x00,
        0x00,0x00,0x00,0x00,0x00,0x00,0x00,0x00,0x00,0x00,0x00,0x00,0x00,0x00,0x00,0x00,
        0x00,0x00,0x00,0x00,0xA0,0x00,0x00,0x00,0x00,0x00,0x00,0x00,0x00,0x00,0x00,0x00,
        0x00,0x00,0x00,0x00,0x00,0x00,0x00,0x00,0x00,0x00,0x00,0x00,0x00,0x00,0x00,0x00,
        0x00,0x00,0x00,0x00,0x00,0x00,0x00,0x00,0x00,0x00,0x00,0x00,0x60,0x00,0x00,0x00,
        0x00,0x00,0x00,0x00,0x00,0x00,0x00,0x00,0x00,0x00,0x00,0x00,0x00,0x00,0x00,0x00,
        0x00,0x00,0x00,0x00,0x00,0x00,0x00,0x00,0x00,0x00,0x00,0x00,0x00,0x00,0x00,0x00,
        0x00,0x00,0x00,0x00,0x20,0x00,0x00,0x00,0x00,0x00,0x00,0x00,0x00,0x00,0x00,0x00,
        0x00,0x00,0x00,0x00,0x00,0x00,0x00,0x00,0x00,0x00,0x00,0x00,0x00,0x00,0x00,0x00,
        0x00,0x00,0x00,0x00,0x00,0x00,0x00,0x00,0x00,0x00,0x00,0x00,0x18,0x00,0x00,0x00,
        0x00,0x00,0x00,0x00,0x00,0x00,0x00,0x00,0x00,0x00,0x00,0x00,0x00,0x00,0x00,0x00,
        0x00,0x00,0x00,0x00,0x00,0x00,0x00,0x00,0x00,0x00,0x00,0x00,0x00,0x00,0x00,0x00,
        0x00,0x00,0x00,0x00,0x00,0x00,0x00,0x00,0x00,0x00,0x00,0x00,0x00,0x00,0x00,0x00,
        0x00,0x00,0x00,0x00,0x00,0x00,0x00,0x00,0x00,0x00,0x00,0x00,0x00,0x00,0x00,0x00,
        0x00,0x00,0x00,0x00,0x00,0x00,0x00,0x00,0x00,0x00,0x00,0x00,0x00,0x00,0x00,0x00,
        0x00,0x00,0x00,0x00,0x00,0x00,0x00,0x00,0x00,0x00,0x00,0x00,0x00,0x00,0x00,0x00,
        0x00,0x00,0x00,0x00,0x00,0x00,0x00,0x00,0x00,0x00,0x00,0x00,0x00,0x00,0x00,0x00,
        0x00,0x00,0x00,0x00,0x00,0x00,0x00,0x00,0x00,0x00,0x00,0x00,0x00,0x00,0x00,0x00,
        0x00,0x00,0x00,0x00,0x00,0x00,0x00,0x00,0x00,0x00,0x00,0x00,0x00,0x00,0x00,0x00,
        0x00,0x00,0x00,0x00,0x00,0x00,0x00,0x00,0x00,0x00,0x00,0x00,0x00,0x00,0x00,0x00,
        0x00,0x00,0x00,0x00,0x00,0x00,0x00,0x00,0x00,0x00,0x00,0x00,0x00,0x00,0x00,0x00,
        0x00,0x00,0x00,0x00,0x00,0x00,0x00,0x00,0x00,0x00,0x00,0x00,0x00,0x00,0x00,0x00,
        0x00,0x00,0x00,0x00,0x00,0x00,0x00,0x00,0x00,0x00,0x00,0x00,0x00,0x00,0x00,0x00,
        0x00,0x00,0x00,0x00,0x00,0x00,0x00,0x00,0x00,0x00,0x00,0x00,0x00,0x00,0x00,0x00,
        0x00,0x00,0x00,0x00,0x00,0x00,0x00,0x00,0x00,0x00,0x00,0x00,0x00,0x00,0x00,0x00,
        0x00,0x00,0x00,0x00,0x00,0x00,0x00,0x00,0x00,0x00,0x00,0x00,0x00,0x00,0x00,0x00,
        0x00,0x00,0x00,0x00,0x00,0x00,0x00,0x00,0x00,0x00,0x00,0x00,0x00,0x00,0x00,0x00,
        0x00,0x00,0x00,0x00,0x00,0x00,0x00,0x00,0x00,0x00,0x00,0x00,0x00,0x00,0x00,0x00,
        0x00,0x00,0x00,0x00,0x00,0x00,0x00,0x00,0x00,0x00,0x00,0x00,0x00,0x00,0x00,0x00,
        0x00,0x00,0x00,0x00,0x00,0x00,0x00,0x00,0x00,0x00,0x00,0x00,0x00,0x00,0x00,0x00,
        0x00,0x00,0x00,0x00,0x00,0x00,0x00,0x00,0x00,0x00,0x00,0x00,0x00,0x00,0x00,0x00,
        0x00,0x00,0x00,0x00,0x00,0x00,0x00,0x00,0x00,0x00,0x00,0x00,0x00,0x00,0x00,0x00,
        0x00,0x00,0x00,0x00,0x00,0x00,0x00,0x00,0x00,0x00,0x00,0x00,0x00,0x00,0x00,0x00,
        0x00,0x00,0x00,0x00,0x00,0x00,0x00,0x00,0x00,0x00,0x00,0x00,0x00,0x00,0x00,0x00,
        0x00,0x00,0x00,0x00,0x00,0x00,0x00,0x00,0x00,0x00,0x00,0x00,0x00,0x80,0x00,0x00,
        0x00,0x00,0x00,0x00,0x00,0x00,0x00,0x00,0x00,0x00,0x00,0x00,0x00,0x00,0x00,0x00,
        0x00,0x01,0x80,0x00,0x00,0x00,0x00,0x00,0x00,0x00,0x00,0x00,0x00,0x00,0x00,0x00,
        0x00,0x00,0x00,0x00,0x02,0xC0,0x00,0x00,0x00,0x00,0x00,0x00,0x00,0x00,0x00,0x00,
        0x00,0x06,0xE0,0x00,0x00,0x06,0xDB,0x00,0x0C,0x03,0xFF,0xE0,0x00,0x00,0x00,0x00,
        0x00,0x00,0x00,0x00,0x00,0x00,0x00,0x00,0x00,0x00,0x00,0x00,0x02,0x40,0x00,0x00,
        0x00,0x00,0x00,0x00,0x00,0x00,0x00,0x00,0x00,0x6F,0xFF,0xC0,0x00,0xFF,0xFF,0x05,
        0x00,0x83,0xFE,0xBF,0xC0,0x00,0x00,0x00,0x00,0x00,0x00,0x00,0x00,0x00,0x00,0x00,
        0x00,0x00,0x00,0x00,0x07,0x00,0x00,0x00,0x00,0x00,0x00,0x00,0x00,0x00,0x00,0x00,
        0x07,0xFB,0xFF,0xF8,0x03,0xFE,0xDF,0xDE,0x00,0xFF,0xFC,0xBF,0xFF,0x40,0x00,0x00,
        0x00,0x00,0x00,0x00,0x00,0x00,0x00,0x00,0x00,0x00,0x00,0x01,0xCF,0x80,0x00,0x00,
        0x00,0x00,0x00,0x11,0xC5,0x81,0x00,0x17,0xDF,0xFF,0xFF,0xA8,0x6D,0xFF,0xEB,0xF7,
        0x01,0x7F,0xFB,0x7F,0xFF,0xFC,0x00,0x00,0x00,0x00,0x00,0x00,0x00,0x00,0x00,0x00,
        0x00,0x00,0x00,0x00,0xA7,0x40,0x00,0x00,0x00,0x00,0x01,0xFE,0xFF,0xC5,0x00,0x74,
        0x7F,0xFF,0xFF,0xC0,0x7F,0xFF,0xBA,0xBE,0x5F,0xFF,0xFD,0xFF,0xFF,0xFE,0x48,0x00,
        0x00,0x00,0x00,0x00,0x00,0x00,0x00,0x00,0x07,0xE0,0x00,0x00,0xFF,0x00,0x00,0x00,
        0x00,0x00,0x2B,0xFF,0xFF,0x7F,0xC0,0x2A,0x55,0xFF,0xF0,0x00,0xAF,0xFF,0xD5,0x7B,
        0x7F,0xFF,0xFE,0xBF,0xF5,0xFF,0xB0,0x00,0x00,0x00,0x00,0x00,0x00,0x01,0x00,0x00,
        0x03,0xFF,0xF8,0x9A,0xDE,0x00,0x00,0x00,0x00,0x03,0xFF,0xFF,0xFB,0xFF,0xFB,0xFD,
        0x7F,0xFF,0xE8,0x90,0xAF,0xFF,0xEA,0x84,0xBF,0xFF,0xF2,0xDF,0x7F,0xFE,0x40,0x00,
        0x00,0x00,0x00,0x00,0x00,0x75,0xD9,0xF0,0x80,0x78,0xFB,0x41,0xBE,0x80,0x00,0x00,
        0x00,0x3D,0xAF,0xFF,0xFF,0xDF,0xFF,0xFF,0xBF,0xAC,0x04,0x01,0x17,0xFF,0x54,0x17,
        0xFF,0xFF,0xDD,0x7F,0xFF,0xFF,0x00,0x00,0x00,0x00,0x00,0x03,0xDE,0xFF,0x65,0x2F,
        0x74,0x8F,0xFE,0xA8,0xD4,0xF0,0x00,0x00,0x00,0x05,0xFD,0x7E,0xDF,0xFF,0xFF,0xFC,
        0x55,0xFA,0x02,0x04,0xAF,0xDD,0xA0,0x4B,0xFF,0xFF,0xF7,0xF5,0xAA,0x00,0x00,0x00,
        0x00,0x00,0x00,0x1F,0xFB,0xFC,0x08,0xA5,0x92,0xF2,0xA9,0x72,0x01,0x00,0x00,0x00,
        0x00,0x00,0x07,0xEF,0xFF,0xEF,0xFF,0xFF,0xD6,0xAF,0xBF,0xF0,0x20,0x52,0x05,0x2A,
        0xFF,0xFE,0xAB,0x55,0x75,0x5C,0x00,0x00,0x00,0x00,0x55,0xFF,0xEA,0xD0,0xA2,0x5A,
        0x41,0x7C,0x00,0x00,0x00,0x00,0x00,0x00,0x00,0x00,0x02,0xBF,0xF6,0xDF,0xFF,0xFF,
        0xEA,0x17,0xFF,0x5B,0x44,0x80,0x4A,0xB5,0xFF,0xD3,0x50,0xAA,0x2C,0xB4,0x07,0xFC,
        0xFF,0xFF,0x40,0x00,0x00,0x05,0xA9,0x6D,0x9B,0xAB,0x80,0x00,0x00,0x00,0x00,0x00,
        0x00,0x00,0x00,0x3F,0xFF,0xEA,0xFF,0xFF,0x51,0x49,0x50,0x80,0x00,0x2B,0x2A,0xDF,
        0xFF,0x6F,0x45,0x49,0xDB,0x40,0x3D,0x53,0x03,0x54,0x00,0x00,0x00,0x08,0x14,0x95,
        0x6A,0x45,0x68,0x00,0x00,0x00,0x00,0x00,0x00,0x00,0x0A,0x1A,0xB4,0x20,0x05,0x54,
        0x8A,0x24,0x4A,0x55,0x4A,0x84,0xAB,0x75,0x55,0xB8,0x10,0x46,0x52,0x00,0x55,0x48,
        0x00,0x00,0x00,0x00,0x00,0x00,0x02,0x42,0x00,0x8A,0xA0,0x00,0x00,0x00,0x00,0x00,
        0x00,0x00,0x17,0xFE,0x95,0x00,0x00,0x00,0x51,0x93,0x01,0x24,0x11,0x55,0xB5,0xDB,
        0x52,0x05,0x2F,0x5A,0x80,0x10,0x00,0x22,0x40,0x00,0x00,0x00,0x00,0x00,0x01,0x28,
        0xAB,0x5A,0x90,0x00,0x00,0x00,0x00,0x00,0x00,0x00,0x09,0xFC,0x00,0x00,0x00,0x02,
        0x94,0x54,0x40,0x02,0xA5,0x54,0x95,0x24,0x00,0x5F,0xA5,0xAA,0xB4,0x00,0x00,0x00,
        0x00,0x00,0x00,0x00,0x00,0x00,0x0A,0x45,0x02,0xAA,0xA0,0x00,0x00,0x00,0x00,0x00,
        0x00,0x00,0x00,0x00,0x00,0x00,0x00,0x09,0x4A,0x91,0x2A,0xA8,0x12,0x12,0x40,0x00,
        0x00,0x20,0x54,0xAA,0xD5,0x00,0x00,0x00,0x00,0x00,0x00,0x00,0x00,0x00,0x00,0x00,
        0x09,0x55,0x40,0x00,0x00,0x00,0x00,0x04,0x80,0x00,0x90,0x00,0x00,0x00,0x00,0x24,
        0x95,0x48,0x00,0x25,0x48,0xA0,0x08,0x80,0x00,0x01,0x2A,0xAD,0xDD,0xEA,0x00,0x00,
        0x02,0x00,0x00,0x00,0x00,0x00,0x10,0x08,0x2F,0xFF,0x10,0x10,0x00,0x00,0x1D,0xFF,
        0xD5,0x0B,0x6E,0xA0,0x00,0x05,0x5A,0x92,0x91,0x25,0x44,0x92,0xA5,0x56,0xAA,0xAB,
        0x55,0x54,0xAA,0xDB,0x7B,0x7D,0x44,0x00,0xFF,0xF0,0x00,0x02,0x80,0x00,0x1D,0x6F,
        0xFF,0xFF,0xFF,0xC0,0x00,0x00,0x06,0x55,0x7F,0xFD,0xBB,0xFF,0xFF,0xDA,0x80,0x4A,
        0xB7,0x55,0x32,0x55,0x5B,0x5B,0x77,0x7D,0xFA,0xAA,0x89,0x2F,0xEF,0xD7,0xFA,0xAB,
        0xFF,0xFF,0xFF,0xFF,0xFF,0xFF,0xFF,0xB7,0xFF,0xFE,0xD5,0xFF,0x4A,0xFB,0xFF,0xFF,
        0xFF,0xFF,0xFF,0xFF,0xFF,0xFF,0xFF,0xFF,0xFF,0xFF,0xFF,0xFF,0xFF,0xFF,0xFF,0xFF,
        0xFF,0xFF,0x76,0xF5,0x7F,0xFF,0xFF,0xFF,0xFF,0xFF,0xFF,0xFF,0xFF,0xFF,0xFF,0xFF,
        0xFF,0xFF,0xFF,0xFF,0xFF,0xFF,0xFF,0xFF,0xFF,0xFF,0xFF,0xFF,0xFF,0xFF,0xFF,0xFF,
        0xFF,0xFF,0xFF,0xFF,0xFF,0xFF,0xFF,0xFF,0xFF,0xFF,0xFF,0xFF,0xFF,0xFF,0xFF,0xFF,
    },
    {
        0x00,0x00,0x00,0x00,0x00,0x00,0x00,0x00,0x00,0x00,0x00,0x00,0x00,0x00,0x00,0x00,
        0x00,0x00,0x00,0x00,0x00,0x00,0x00,0x00,0x00,0x00,0x00,0x00,0x00,0x00,0x00,0x00,
        0x00,0x00,0x00,0x00,0x00,0x00,0x00,0x00,0x00,0x00,0x00,0x00,0x00,0x00,0x00,0x00,
        0x00,0x00,0x00,0x00,0x00,0x00,0x00,0x00,0x00,0x00,0x00,0x00,0x00,0x00,0x00,0x00,
        0x00,0x00,0x00,0x00,0x00,0x00,0x00,0x00,0x00,0x00,0x00,0x00,0x00,0x00,0x00,0x00,
        0x00,0x00,0x00,0x00,0x00,0x00,0x00,0x00,0x00,0x00,0x00,0x00,0x00,0x00,0x00,0x00,
        0x00,0x00,0x00,0x00,0x00,0x00,0x00,0x00,0x00,0x00,0x00,0x00,0x00,0x00,0x00,0x00,
        0x00,0x00,0x00,0x00,0x00,0x00,0x00,0x00,0x00,0x00,0x00,0x00,0x00,0x00,0x00,0x00,
        0x00,0x00,0x00,0x00,0x00,0x00,0x00,0x00,0x00,0x00,0x00,0x00,0x00,0x00,0x00,0x00,
        0x00,0x00,0x00,0x00,0x00,0x00,0x00,0x00,0x00,0x00,0x00,0x00,0x00,0x00,0x00,0x00,
        0x00,0x00,0x00,0x00,0x00,0x00,0x00,0x00,0x00,0x00,0x00,0x00,0x00,0x00,0x00,0x00,
        0x00,0x00,0x00,0x00,0x00,0x00,0x00,0x00,0x00,0x00,0x00,0x00,0x00,0x00,0x00,0x00,
        0x00,0x00,0x00,0x00,0x00,0x00,0x00,0x00,0x00,0x00,0x00,0x00,0x00,0x00,0x00,0x00,
        0x00,0x00,0x00,0x00,0x00,0x00,0x00,0x00,0x80,0x00,0x00,0x00,0x00,0x00,0x00,0x00,
        0x00,0x00,0x00,0x00,0x00,0x00,0x00,0x00,0x00,0x00,0x00,0x00,0x00,0x00,0x00,0x00,
        0x00,0x00,0x00,0x00,0x00,0x00,0x00,0x00,0x00,0x00,0x03,0xFF,0xFF,0x00,0x17,0xFF,
        0xFF,0xE0,0x00,0x00,0x00,0x00,0x00,0x00,0x00,0x00,0x00,0x00,0x00,0x00,0x00,0x00,
        0x00,0x00,0x00,0x00,0x00,0x00,0x00,0x00,0x00,0x00,0x00,0x00,0x00,0x00,0x00,0x00,
        0x00,0x01,0xFF,0xFF,0xFF,0xFF,0xFF,0xFF,0xFF,0xFF,0xF0,0x00,0x00,0x00,0x00,0x00,
        0x00,0x00,0x20,0x00,0x00,0x00,0x00,0x00,0x00,0x00,0x00,0x00,0x00,0x00,0x00,0x00,
        0x00,0x00,0x00,0x00,0x00,0x00,0x00,0x00,0x00,0x3F,0xFF,0xFF,0xEF,0xFF,0xFF,0xFF,
        0xFF,0xFF,0xC0,0x00,0x00,0x00,0x5C,0x00,0x00,0x78,0x76,0x80,0x00,0x00,0x3E,0x00,
        0x00,0x00,0x00,0x00,0x00,0x00,0x00,0x00,0x00,0x00,0x00,0x00,0x00,0x00,0x00,0x00,
        0x1C,0x1F,0xA3,0xFC,0x0F,0xFF,0xFF,0xFF,0xFF,0xFE,0x00,0x00,0x00,0x7B,0xFE,0x00,
        0x00,0x00,0x00,0x00,0x00,0x00,0x3F,0xB8,0x00,0x00,0x00,0x00,0x00,0x00,0x00,0x00,
        0x00,0x00,0x00,0x00,0x00,0x00,0x00,0x1E,0x2B,0x63,0x3D,0xF9,0xFF,0xFF,0xFF,0xFF,
        0xFF,0xFC,0x00,0x00,0x00,0x1F,0xB0,0x00,0x00,0x00,0x00,0x00,0x00,0x00,0x00,0x7C,
        0x00,0x00,0x00,0x00,0x00,0x00,0x00,0x00,0x00,0x00,0x00,0x00,0x00,0x00,0x0A,0x80,
        0x00,0x39,0x3B,0xE0,0x7F,0xFF,0xFF,0xFF,0xFF,0xFA,0x00,0x00,0x00,0x07,0x08,0x00,
        0x00,0x00,0x00,0x18,0x00,0x00,0x00,0x2F,0x00,0x00,0x00,0x00,0x00,0x00,0x00,0x00,
        0x00,0x00,0x00,0x00,0x00,0x00,0x0B,0xFB,0x5F,0xDF,0xFF,0x80,0x1C,0x7F,0xFF,0xFF,
        0xFF,0xFC,0x00,0x00,0x00,0x00,0x00,0x00,0x00,0x00,0x0F,0xF8,0x00,0x00,0x7D,0x05,
        0xE8,0x00,0x00,0x2F,0x80,0x00,0x00,0x00,0x00,0x00,0x00,0x00,0x00,0x00,0x00,0xC3,
        0xC1,0x3B,0xFF,0x80,0x00,0x07,0xFF,0xFF,0xFF,0xFC,0x00,0x00,0x00,0x00,0x00,0x00,
        0x00,0x00,0x7C,0x00,0x00,0x08,0x20,0x10,0x08,0x00,0x00,0x2C,0x38,0x00,0x00,0x00,
        0x00,0x00,0x00,0x00,0x00,0x00,0x02,0x00,0x63,0xDE,0x72,0x60,0x00,0x03,0xFF,0xFF,
        0xFF,0xF4,0x00,0x00,0x00,0x00,0x00,0x00,0x00,0x00,0xE0,0x00,0x00,0xB0,0x00,0x00,
        0x07,0xC5,0xE0,0x06,0x00,0x00,0x00,0x00,0x00,0x00,0x00,0x00,0x00,0x00,0xC0,0x25,
        0x87,0x3C,0xD7,0xB8,0x00,0x03,0xFF,0xFF,0xFF,0xF0,0x00,0x00,0x00,0x00,0x00,0x00,
        0x00,0x03,0x40,0x00,0xBC,0x40,0x00,0x00,0x00,0x00,0x30,0x0D,0xD0,0x00,0x00,0x00,
        0xC0,0x00,0x04,0x00,0x00,0x00,0x48,0x00,0x00,0x28,0xA3,0x5F,0x80,0x01,0xFF,0xFF,
        0xFF,0xF8,0x00,0x00,0x00,0x00,0x00,0x00,0x00,0x02,0x00,0x10,0x00,0xC0,0x00,0x00,
        0x02,0x00,0x15,0xE0,0x02,0x00,0x00,0x01,0x00,0x01,0xA0,0x4B,0x80,0x1C,0x00,0x00,
        0x04,0x00,0x42,0xA7,0xF0,0x01,0xFF,0xFF,0xFF,0xE0,0x00,0x00,0x00,0x00,0x58,0x00,
        0x00,0x00,0x48,0x00,0xC0,0x00,0x08,0x08,0x28,0x00,0x00,0x00,0x00,0x00,0x00,0x00,
        0x00,0x0E,0x00,0x00,0x04,0x20,0x02,0xA0,0xC0,0x81,0x8D,0x10,0x70,0x00,0xBF,0xFF,
        0xFF,0xC0,0x00,0x00,0x00,0x07,0x00,0xC5,0x80,0x08,0x0C,0x08,0xD0,0x10,0x80,0x80,
        0x00,0x02,0x40,0x00,0x00,0x20,0x03,0x01,0x30,0x08,0x00,0x05,0x01,0x4B,0x00,0x0A,
        0x27,0x10,0x71,0x57,0x3C,0x00,0x9F,0xFF,0xFC,0x00,0x00,0x00,0x00,0x06,0x25,0x10,
        0x30,0xD8,0x00,0x08,0x2C,0x06,0x52,0x24,0x10,0x84,0x41,0x00,0x00,0x40,0x00,0x04,
        0x05,0x03,0x05,0x52,0x48,0x08,0xFD,0x00,0x81,0x05,0x41,0x3A,0x4F,0x00,0x7F,0xFF,
        0xC0,0x00,0x00,0x00,0x00,0x08,0x80,0x0F,0x09,0x40,0x00,0x02,0x81,0x40,0x00,0x01,
        0x40,0x00,0x44,0x02,0x40,0x00,0x80,0x00,0xC0,0x80,0x10,0x00,0x00,0x10,0xA2,0xAA,
        0x20,0x06,0xB8,0x3D,0x59,0x80,0x6F,0xFD,0x00,0x04,0x10,0x00,0x00,0x11,0x2E,0xB6,
        0x58,0x00,0x00,0x21,0x08,0x00,0x04,0x48,0x02,0x00,0x00,0x10,0x04,0x00,0x00,0x00,
        0x0A,0x03,0x00,0x48,0x40,0x00,0x12,0xA5,0x01,0x30,0x50,0x2C,0x44,0x00,0x5F,0xF0,
        0x00,0x03,0xD0,0x00,0x00,0x64,0x00,0x21,0x70,0x54,0x10,0x00,0xA8,0x82,0x00,0x00,
        0x00,0x01,0x00,0x01,0x00,0x00,0x00,0x01,0x00,0x84,0x82,0x00,0x96,0xC0,0x85,0x15,
        0x40,0x8A,0x04,0x00,0x16,0x00,0x3F,0xF0,0x00,0x07,0x80,0x00,0x01,0xC2,0xD8,0xF6,
        0xA5,0x00,0x84,0xA5,0x14,0x04,0x00,0x00,0x00,0x00,0x04,0x80,0x00,0x00,0x00,0x00,
        0x00,0x00,0x00,0x22,0x29,0x28,0x61,0x6E,0x1A,0xB4,0x00,0x3E,0x24,0x00,0x0F,0xE0,
        0x00,0x00,0x00,0x00,0x04,0x05,0x03,0xEB,0x40,0xE8,0x10,0x03,0xF6,0x00,0x00,0x00,
        0x00,0x00,0x00,0x20,0x20,0x00,0x60,0x01,0x00,0x08,0x08,0xA8,0xB0,0x85,0x28,0xC5,
        0x51,0x48,0x00,0x00,0x80,0x00,0x0F,0xC0,0x00,0x00,0x00,0x00,0x08,0x89,0x05,0xEF,
        0xAA,0x01,0x54,0x15,0xDA,0xD2,0xB0,0x00,0x00,0x00,0x00,0x05,0x00,0x02,0x40,0x40,
        0x00,0x08,0x02,0xC3,0xF8,0xCD,0xD6,0x15,0x6D,0x20,0x00,0x00,0x00,0x00,0x01,0x40,
        0x00,0x00,0x00,0x00,0x09,0x2E,0xBF,0xDD,0x40,0x10,0x08,0x26,0x65,0x24,0x84,0x00,
        0x18,0x00,0x00,0x00,0x00,0x41,0x3B,0x00,0x00,0x01,0x41,0x40,0x06,0xA2,0x40,0x23,
        0x51,0x98,0x00,0x04,0x21,0x00,0x00,0x00,0x00,0x00,0x00,0x00,0x01,0xF9,0x8D,0xC8,
        0x41,0x00,0x21,0x09,0x54,0xA9,0x68,0x80,0x20,0x00,0x00,0x02,0xA3,0x82,0x00,0x00,
        0x00,0x00,0x15,0x80,0x03,0xD0,0x3A,0x10,0x5C,0xA4,0x00,0x10,0x00,0x00,0x00,0x00,
        0x00,0x00,0x00,0x64,0x02,0x06,0x14,0x04,0x00,0x00,0x00,0x00,0x92,0x04,0x89,0x50,
        0x80,0x00,0x00,0x08,0x00,0x08,0x80,0x00,0x00,0x00,0x29,0x00,0x01,0xD2,0xD0,0x8D,
        0x6F,0x50,0xC0,0x02,0x04,0x40,0x00,0x00,0x00,0x00,0x00,0x20,0x01,0x4A,0x04,0x08,
        0x00,0x00,0x00,0x00,0x00,0x40,0x00,0x25,0x00,0x00,0x00,0x00,0x00,0x00,0x00,0x00,
        0x00,0x01,0xE0,0x00,0x00,0x64,0xF0,0x53,0xFA,0xD8,0x30,0x04,0x91,0x60,0x00,0x00,
        0x00,0x00,0x00,0x32,0x00,0x78,0x20,0x00,0x00,0x00,0x00,0x00,0x00,0x00,0x20,0x28,
        0x42,0x00,0x00,0x40,0x00,0x20,0x00,0x00,0x00,0x02,0x00,0x00,0x00,0x23,0xEA,0x00,
        0xAD,0x7D,0x02,0x51,0x44,0x08,0x00,0x00,0x00,0x00,0x00,0x09,0x01,0x73,0xC0,0x00,
        0x00,0x00,0x00,0x00,0x00,0x00,0x05,0x04,0xC0,0x00,0x40,0xC0,0x00,0x21,0x00,0x00,
        0x00,0x10,0x00,0x00,0x00,0x2C,0xD1,0x00,0x05,0x93,0xA9,0x54,0xBB,0x64,0x00,0x00,
        0x00,0x00,0x00,0x08,0x88,0x00,0x00,0x00,0x00,0x00,0x00,0x00,0x00,0x00,0x10,0x01,
        0x00,0x00,0x04,0x27,0x00,0x20,0x00,0x00,0x00,0x00,0x00,0x00,0x00,0x06,0x18,0x40,
        0x00,0x4D,0x60,0x01,0x56,0xB2,0x00,0x00,0x00,0x00,0x00,0x20,0x00,0x00,0x00,0x00,
        0x00,0x00,0x00,0x00,0x00,0x00,0x42,0x03,0x00,0x00,0x00,0x01,0x00,0x00,0x00,0x00,
        0x00,0x00,0x00,0x00,0x00,0x02,0x06,0x02,0x00,0x1F,0xD2,0x17,0x7D,0xBC,0x00,0x00,
        0x00,0x00,0x01,0x10,0x60,0x00,0x00,0x00,0x00,0x00,0x00,0x00,0x00,0x00,0x00,0x04,
        0x00,0x00,0x01,0x03,0x00,0x00,0x00,0x00,0x00,0x00,0x00,0x00,0x00,0x03,0xD3,0x84,
        0x00,0x03,0xD4,0x00,0xB9,0xE2,0x00,0x00,0x00,0x00,0x00,0x10,0x80,0x00,0x00,0x00,
        0x00,0x00,0x01,0x20,0x00,0x00,0x10,0x00,0x00,0x00,0x00,0x02,0x00,0x00,0x00,0x00,
        0x00,0x00,0x00,0x00,0x00,0x00,0xC9,0x0A,0x00,0x0A,0x60,0x06,0x5E,0x00,0x80,0x00,
        0x00,0x00,0x00,0x08,0x00,0x00,0x00,0x00,0x00,0x20,0x05,0xAC,0x04,0x00,0xF8,0x00,
        0x01,0x00,0x00,0x0B,0x00,0x00,0x00,0x00,0x00,0x00,0x00,0x00,0x00,0x00,0x68,0x84,
        0x00,0x01,0x0D,0x29,0xA6,0x1C,0x80,0x00,0x00,0x00,0x00,0x00,0x00,0x00,0x00,0x00,
        0x00,0x3F,0xFF,0xEB,0xB4,0x08,0x64,0x08,0x05,0x00,0x00,0x32,0x00,0x00,0x00,0x00,
        0x00,0x00,0x00,0x00,0x00,0x00,0x50,0x40,0xC0,0x01,0xBA,0x14,0x03,0x60,0x80,0x00,
        0x00,0x00,0x00,0x00,0x00,0x00,0x00,0x00,0x00,0xC1,0xFE,0x7F,0x7A,0x0D,0x5F,0x9F,
        0xFA,0x00,0x00,0x01,0x00,0x00,0x00,0x00,0x00,0x00,0x00,0x00,0x00,0x00,0x00,0x01,
        0x00,0x00,0x3C,0x80,0x04,0xE0,0x00,0x00,0x00,0x00,0x00,0x00,0x00,0x00,0x00,0x00,
        0x00,0x45,0x87,0x13,0xDC,0x52,0xF6,0x2E,0xF9,0x8C,0x00,0x00,0x00,0x00,0x00,0x00,
        0x00,0x00,0x00,0x00,0x00,0x00,0x10,0x01,0x40,0x00,0x11,0x10,0x15,0x00,0x00,0x00,
        0x00,0x00,0x00,0x00,0x00,0x00,0x00,0x00,0x40,0xAC,0x04,0x6E,0xF9,0x17,0xDE,0x91,
        0x05,0x00,0x00,0x01,0x00,0x00,0x00,0x00,0x00,0x00,0x00,0x00,0x00,0x00,0x40,0x01,
        0xA0,0x00,0x00,0x70,0x44,0x00,0x00,0x00,0x00,0x00,0x00,0x2A,0x00,0x00,0x00,0x00,
        0x10,0x02,0x1C,0xBF,0x82,0x02,0xFB,0x6E,0x23,0x70,0x00,0x04,0x40,0x00,0x00,0x00,
        0x00,0x00,0x00,0x00,0x00,0x00,0x61,0x03,0x94,0x00,0x11,0x80,0x40,0x00,0x00,0x00,
        0x00,0x00,0x00,0x12,0x00,0x84,0x80,0x06,0x00,0x00,0x6C,0x5C,0x09,0x5E,0x04,0x94,
        0xDE,0x00,0x00,0x0F,0x00,0x00,0x00,0x00,0x00,0x00,0x00,0x00,0x00,0x00,0x46,0xA1,
        0x00,0x00,0x00,0x01,0x80,0x00,0x00,0x00,0x00,0x00,0x00,0x11,0x01,0x84,0x00,0x50,
        0x70,0x01,0x83,0x3C,0x27,0xA4,0x04,0x21,0xF8,0x00,0x00,0x0C,0x00,0x00,0x00,0x00,
        0x00,0x00,0x00,0x00,0x00,0x00,0x6B,0x22,0x14,0x00,0x00,0x00,0x00,0x00,0x00,0x00,
        0x00,0x00,0x00,0x0C,0x01,0x04,0x00,0x2E,0x00,0x38,0x0A,0xF0,0x3D,0x00,0x03,0x35,
        0xE0,0x00,0x00,0x08,0x00,0x00,0x00,0x00,0x00,0x00,0x00,0x00,0x00,0x00,0x03,0xF6,
        0x08,0x00,0x00,0x04,0x00,0x00,0x00,0x00,0x00,0x00,0x00,0x02,0x00,0x00,0x21,0x9F,
        0xC3,0x80,0xA2,0xB0,0xFC,0x00,0x0F,0x4E,0xE0,0x18,0x00,0x00,0x00,0x00,0x00,0x00,
        0x00,0x00,0x00,0x00,0x00,0x00,0x01,0x86,0x00,0x00,0x00,0x00,0x00,0x00,0x00,0x00,
        0x00,0x00,0x00,0x0B,0x00,0x04,0x00,0x22,0x40,0xE1,0xFD,0x9C,0x68,0x24,0x07,0x17,
        0xC0,0x00,0x20,0x14,0x00,0x00,0x00,0x00,0x00,0x00,0x00,0x00,0x00,0x00,0x10,0xFA,
        0x10,0x00,0x00,0x08,0x00,0x00,0x00,0x00,0x00,0x00,0x00,0x0C,0xD4,0x80,0x00,0x50,
        0x6F,0x72,0xD6,0xC6,0x3F,0x5B,0xD5,0x8F,0x00,0x08,0x00,0x40,0x00,0x00,0x00,0x00,
        0x00,0x00,0x00,0x00,0x00,0x00,0x04,0xE6,0xC0,0x00,0x00,0x00,0x00,0x00,0x00,0x00,
        0x00,0x00,0x00,0x25,0xC4,0x00,0x06,0x00,0x81,0xF0,0x15,0x7C,0x1A,0x4B,0xFF,0x04,
        0x20,0x00,0x03,0x08,0x00,0x00,0x00,0x00,0x00,0x00,0x00,0x00,0x00,0x00,0x05,0xB0,
        0xB0,0x00,0x00,0x00,0x00,0x00,0x00,0x00,0x00,0x00,0x00,0x31,0x20,0x00,0x00,0x01,
        0x09,0x3D,0x09,0xBD,0x07,0xFF,0xE0,0x00,0x00,0x10,0x4D,0x40,0x00,0x00,0x00,0x00,
        0x00,0x00,0x00,0x00,0x00,0x00,0x01,0xA8,0x5D,0x00,0x00,0x00,0x00,0x00,0x00,0x00,
        0x00,0x00,0x00,0xEA,0xA2,0x00,0x10,0x01,0x81,0x6A,0x44,0xF7,0x8D,0xF7,0xC0,0x00,
        0x00,0x08,0x06,0x00,0x00,0x00,0x00,0x00,0x00,0x00,0x00,0x00,0x00,0x00,0x00,0x1B,
        0x5E,0x00,0x00,0x00,0x00,0x00,0x00,0x00,0x00,0x00,0x01,0xF2,0x90,0x0C,0x26,0x01,
        0x28,0xAD,0x08,0x14,0x81,0xDF,0x80,0x00,0x00,0x00,0x10,0x00,0x00,0x00,0x00,0x00,
        0x00,0x00,0x00,0x00,0x00,0x00,0x00,0xD8,0x74,0x00,0x00,0x00,0x00,0x00,0x00,0x00,
        0x00,0x00,0x00,0xE8,0x42,0x81,0x67,0xE8,0x00,0x0E,0xA4,0x4F,0x81,0xFD,0x00,0x00,
        0x00,0x00,0x00,0x00,0x00,0x00,0x00,0x00,0x00,0x00,0x00,0x00,0x00,0x00,0x00,0x20,
        0x7C,0x00,0x00,0x00,0x00,0x00,0x00,0x00,0x00,0x00,0x01,0xA6,0x92,0x10,0xFF,0x00,
        0x50,0x0F,0x70,0x13,0xE0,0x60,0x04,0x00,0x00,0x00,0x00,0x00,0x00,0x00,0x00,0x00,
        0x00,0x00,0x00,0x00,0x00,0x00,0x00,0x34,0x32,0x00,0x00,0x80,0x00,0x00,0x00,0x00,
        0x00,0x00,0x00,0x08,0x48,0xA4,0xDA,0x87,0x48,0x05,0xB0,0x05,0x30,0x0A,0x92,0x00,
        0x00,0x00,0x00,0x00,0x00,0x00,0x00,0x00,0x00,0x00,0x00,0x00,0x00,0x00,0x00,0x30,
        0x3B,0x00,0x02,0x00,0x00,0x00,0x00,0x00,0x00,0x00,0x0D,0x08,0x23,0x61,0x4A,0x44,
        0x05,0x20,0x25,0x3C,0x68,0x04,0x40,0x00,0x00,0x00,0x00,0x00,0x00,0x00,0x00,0x00,
        0x00,0x00,0x00,0x00,0x00,0x00,0x00,0x02,0x0D,0x80,0x00,0x20,0x00,0x00,0x00,0x00,
        0x00,0x00,0x1A,0x14,0x95,0x50,0x69,0x20,0xD0,0x98,0x40,0x03,0xE4,0x00,0x00,0x00,
        0x00,0x00,0x00,0x00,0x00,0x00,0x00,0x00,0x00,0x00,0x00,0x00,0x00,0x00,0x00,0x0C,
        0x1C,0x80,0x01,0x20,0x00,0x00,0x00,0x00,0x00,0x00,0x10,0x00,0x41,0x50,0x54,0x12,
        0x30,0x0C,0x47,0x4C,0xD2,0x38,0x00,0x00,0x00,0x00,0x00,0x00,0x00,0x00,0x00,0x00,
        0x00,0x00,0x00,0x00,0x00,0x00,0x00,0x08,0x8E,0x00,0x00,0x30,0x00,0x00,0x00,0x00,
        0x00,0x00,0x35,0x18,0x20,0x24,0x02,0x00,0x38,0x0B,0x00,0x16,0x88,0x28,0x00,0x00,
        0x00,0x08,0x00,0x00,0x00,0x00,0x00,0x00,0x00,0x00,0x00,0x00,0x00,0x00,0x00,0x00,
        0x44,0x00,0x06,0x80,0x00,0x00,0x00,0x00,0x00,0x00,0x60,0x20,0x04,0x0A,0x01,0x01,
        0x10,0x16,0x10,0x0D,0xE4,0x10,0x00,0x00,0x00,0x20,0x00,0x00,0x00,0x00,0x00,0x00,
        0x00,0x00,0x00,0x00,0x00,0x00,0x00,0x00,0x24,0x40,0x07,0x00,0x00,0x00,0x00,0x00,
        0x00,0x00,0x40,0xBC,0x00,0x30,0xB8,0x08,0x80,0x08,0x90,0x02,0xB0,0x60,0x08,0x00,
        0x00,0x00,0x00,0x00,0x00,0x00,0x00,0x00,0x00,0x00,0x00,0x00,0x00,0x00,0x00,0x00,
        0x20,0x01,0x00,0x04,0x00,0x00,0x00,0x00,0x00,0x00,0x40,0x80,0x42,0x03,0x92,0x00,
        0x88,0x00,0x20,0x02,0x40,0x98,0x08,0x00,0x00,0x00,0x00,0x00,0x00,0x00,0x00,0x00,
        0x00,0x00,0x04,0x00,0x00,0x00,0x00,0x00,0x20,0x20,0x20,0x0D,0x40,0x00,0x00,0x00,
        0x00,0x00,0x48,0x00,0x04,0x00,0x94,0x00,0x0C,0x00,0x70,0x00,0x50,0x40,0x00,0x00,
        0x00,0x00,0x00,0x00,0x00,0x00,0x00,0x00,0x00,0x00,0x00,0x00,0x00,0x00,0x00,0x00,
        0x10,0x18,0x00,0x03,0x2C,0x00,0x00,0x00,0x00,0x00,0x50,0x09,0x42,0x88,0x30,0x91,
        0x42,0x80,0xE0,0x00,0xA4,0x00,0x00,0x00,0x80,0x18,0x00,0x00,0x00,0x00,0x00,0x00,
        0x00,0x00,0x00,0x00,0x00,0x00,0x00,0x00,0x04,0x00,0x00,0x10,0x00,0x00,0x00,0x00,
        0x00,0x00,0x0C,0x00,0xA5,0x7A,0x09,0x14,0x02,0x20,0x00,0x00,0x2A,0x00,0x00,0x00,
        0x00,0x00,0x00,0x00,0x00,0x00,0x00,0x00,0x00,0x00,0x00,0x00,0x00,0x00,0x00,0x00,
        0x00,0x00,0x40,0x00,0x00,0x00,0x00,0x00,0x00,0x00,0x6F,0xC6,0xD4,0x3F,0x14,0x2A,
        0xA6,0x02,0x00,0x00,0x1C,0x00,0x08,0x00,0x00,0x28,0x00,0x00,0x00,0x00,0x00,0x00,
        0x00,0x00,0x00,0x00,0x00,0x00,0x00,0x00,0x00,0x00,0x00,0x00,0x00,0x00,0x00,0x00,
        0x00,0x00,0x3F,0xFF,0xAC,0x09,0x33,0x5F,0xE3,0x98,0x00,0x00,0x5A,0x00,0x00,0x00,
        0x00,0x20,0x00,0x00,0x00,0x00,0x00,0x00,0x00,0x00,0x00,0x00,0x00,0x00,0x00,0x00,
        0x00,0x02,0x00,0x00,0x00,0x00,0x00,0x00,0x00,0x00,0x00,0x7E,0xD5,0xC9,0xFD,0x54,
        0x09,0xE0,0x00,0x00,0x0F,0x00,0x00,0x00,0x00,0x0C,0x00,0x00,0x00,0x00,0x00,0x00,
        0x00,0x00,0x00,0x00,0x00,0x00,0x00,0x00,0x00,0x00,0x40,0x00,0x00,0x00,0x00,0x00,
        0x00,0x00,0x00,0x2B,0xFF,0xFF,0xFB,0xF8,0x0A,0x80,0x00,0x00,0x08,0x00,0x00,0x00,
        0x40,0x12,0x00,0x00,0x00,0x00,0x00,0x00,0x00,0x00,0x00,0x00,0x00,0x00,0x00,0x00,
        0x00,0x00,0x00,0x01,0xE0,0x00,0x00,0x00,0x00,0x00,0x40,0x01,0x1F,0xE0,0x07,0x48,
        0x0E,0x00,0x00,0x00,0x00,0x00,0x01,0x00,0x00,0x0A,0x00,0x00,0x00,0x00,0x00,0x00,
        0x00,0x00,0x00,0x00,0x00,0x00,0x00,0x00,0x00,0x00,0x10,0x04,0x1C,0x80,0x00,0x00,
        0x00,0x00,0x00,0x28,0x00,0x08,0x00,0x80,0x0C,0x84,0x00,0x00,0x10,0x00,0x00,0x80,
        0x00,0x0B,0x00,0x00,0x00,0x00,0x00,0x00,0x00,0x00,0x00,0x00,0x00,0x00,0x00,0x00,
        0x00,0x00,0x08,0x60,0x00,0x00,0x00,0x00,0x00,0x00,0x00,0x00,0x00,0x00,0x00,0x00,
        0x06,0x94,0x00,0x00,0x04,0x00,0x00,0x80,0x00,0x00,0x00,0x00,0x00,0x00,0x00,0x00,
        0x00,0x00,0x00,0x00,0x00,0x00,0x00,0x00,0x00,0x00,0x00,0x58,0x00,0x00,0x00,0x00,
        0x00,0x00,0x00,0x00,0x00,0x00,0x00,0x00,0x03,0xE8,0x00,0x00,0x04,0x80,0x00,0x04,
        0x00,0x06,0x00,0x00,0x00,0x00,0x00,0x00,0x00,0x00,0x00,0x00,0x00,0x00,0x00,0x00,
        0x00,0x00,0x01,0x80,0x00,0x00,0x00,0x00,0x00,0x00,0x00,0x00,0x00,0x00,0x00,0x00,
        0x07,0xF0,0x00,0x00,0x00,0x00,0x00,0x00,0x00,0x0C,0x80,0x00,0x00,0x00,0x00,0x00,
        0x00,0x00,0x00,0x00,0x00,0x00,0x00,0x00,0x00,0x00,0x00,0x10,0x00,0x07,0x00,0x00,
        0x00,0x00,0x00,0x00,0x00,0x00,0x00,0x00,0x07,0xF0,0x00,0x00,0x00,0x80,0x00,0x00,
        0x00,0x03,0x00,0x00,0x00,0x00,0x00,0x00,0x00,0x00,0x00,0x00,0x00,0x00,0x00,0x00,
        0x00,0x00,0x00,0x00,0x00,0x00,0x40,0x00,0x00,0x00,0x01,0x00,0x08,0x00,0x00,0x00,
        0x0F,0xE0,0x00,0x00,0x00,0x00,0x02,0x00,0x01,0x00,0x00,0x00,0x00,0x00,0x00,0x00,
        0x00,0x00,0x00,0x00,0x00,0x00,0x00,0x00,0x00,0x00,0x00,0x00,0x00,0x00,0xA0,0x00,
        0x00,0x00,0x00,0x00,0x00,0x00,0x00,0x01,0xC6,0xC0,0x00,0x00,0x00,0x00,0x04,0x40,
        0x02,0x80,0x00,0x00,0x00,0x00,0x00,0x00,0x00,0x00,0x00,0x00,0x00,0x00,0x00,0x00,
        0x00,0x00,0x00,0x20,0x00,0x00,0x00,0x00,0x00,0x00,0x00,0x00,0x00,0x00,0x00,0x01,
        0x98,0xC0,0x00,0x00,0x00,0x00,0x02,0x40,0x08,0x80,0x00,0x00,0x00,0x00,0x00,0x00,
        0x00,0x00,0x00,0x00,0x00,0x00,0x00,0x00,0x00,0x00,0x00,0x20,0x00,0x00,0x08,0x00,
        0x00,0x00,0x00,0x00,0x00,0x80,0x00,0x00,0xF0,0x00,0x00,0x00,0x00,0x00,0x01,0x20,
        0x44,0x40,0x40,0x00,0x00,0x00,0x00,0x00,0x00,0x00,0x00,0x00,0x00,0x00,0x00,0x00,
        0x00,0x00,0x00,0x40,0x00,0x00,0x00,0x00,0x00,0x00,0x00,0x00,0x00,0x00,0x00,0x00,
        0x38,0x00,0x00,0x00,0x00,0x00,0x00,0x08,0x00,0x1E,0x40,0x00,0x00,0x00,0x00,0x00,
        0x00,0x00,0x00,0x00,0x00,0x00,0x00,0x00,0x00,0x01,0x00,0x80,0x00,0x00,0x02,0x00,
        0x00,0x00,0x00,0x00,0x00,0x00,0x00,0x00,0x30,0x00,0x00,0x00,0x00,0x00,0x00,0x00,
        0x00,0xA0,0x4E,0x00,0x00,0x00,0x00,0x00,0x00,0x00,0x00,0x00,0x00,0x00,0x00,0x00,
        0x00,0x00,0x00,0x40,0x00,0x00,0x00,0x80,0x00,0x00,0x00,0x00,0x00,0x00,0x00,0x00,
        0x00,0x00,0x00,0x00,0x00,0x00,0x00,0x42,0x40,0x18,0x08,0x70,0x00,0x00,0x00,0x00,
        0x00,0x00,0x00,0x00,0x00,0x00,0x00,0x00,0x00,0x00,0x00,0x80,0x00,0x00,0x00,0x10,
        0x00,0x00,0x00,0x00,0x00,0x00,0x00,0x04,0x20,0x00,0x00,0x00,0x00,0x00,0x00,0x23,
        0x01,0x58,0xB1,0x46,0x00,0x00,0x00,0x00,0x00,0x00,0x00,0x00,0x00,0x00,0x00,0x00,
        0x00,0x00,0x00,0x80,0x00,0x00,0x00,0x00,0x00,0x00,0x00,0x00,0x00,0x00,0x00,0x02,
        0x10,0x00,0x00,0x00,0x00,0x00,0x00,0x02,0x06,0x10,0x83,0x80,0x81,0x00,0x00,0x00,
        0x00,0x00,0x00,0x00,0x00,0x00,0x00,0x00,0x00,0x00,0x01,0x80,0x00,0x00,0x00,0x02,
        0x80,0x00,0x00,0x00,0x00,0x20,0x00,0x00,0x00,0x00,0x00,0x00,0x00,0x00,0x00,0x00,
        0x00,0x2C,0x00,0x41,0x42,0x00,0x00,0x00,0x00,0x00,0x00,0x00,0x00,0x00,0x00,0x00,
        0x00,0x00,0x00,0x80,0x00,0x10,0x00,0x00,0x00,0x00,0x00,0x00,0x00,0x00,0x00,0x20,
        0x00,0x00,0x00,0x00,0x00,0x00,0x00,0x05,0x80,0x00,0x01,0x00,0x0C,0x20,0x00,0x00,
        0x00,0x00,0x00,0x00,0x00,0x00,0x00,0x00,0x00,0x00,0x00,0x00,0x01,0x48,0x00,0x00,
        0x00,0x00,0x00,0x00,0x00,0x10,0x00,0x00,0x00,0x00,0x00,0x00,0x00,0x00,0x00,0x02,
        0x00,0x00,0x00,0x20,0x00,0x00,0x00,0x00,0x00,0x00,0x00,0x00,0x00,0x00,0x00,0x00,
        0x00,0x00,0x00,0x00,0x14,0x60,0x00,0x00,0x00,0x00,0x00,0x00,0x00,0x10,0x00,0x10,
        0x00,0x00,0x00,0x00,0x00,0x00,0x00,0x00,0x3F,0xD1,0x80,0x38,0x20,0x00,0x00,0x00,
        0x00,0x00,0x00,0x00,0x00,0x00,0x00,0x00,0x00,0x00,0x00,0x20,0x00,0x10,0x00,0x00,
        0x00,0x00,0x00,0x00,0x00,0x10,0x00,0x00,0x10,0x00,0x00,0x00,0x00,0x00,0x00,0x00,
        0x00,0x00,0x00,0x07,0x14,0x02,0x00,0x00,0x00,0x00,0x00,0x00,0x00,0x00,0x00,0x00,
        0x00,0x00,0x00,0x00,0x40,0x20,0x00,0x00,0x00,0x00,0x00,0x00,0x00,0x00,0x00,0x02,
        0x00,0x00,0x00,0x00,0x00,0x00,0x00,0x00,0x00,0x00,0x00,0x02,0x00,0x00,0x00,0x00,
        0x00,0x00,0x00,0x00,0x00,0x00,0x00,0x00,0x00,0x00,0x00,0x12,0x92,0x00,0x00,0x00,
        0x00,0x00,0x00,0x00,0x00,0x00,0x00,0x22,0x00,0x00,0x00,0x00,0x00,0x00,0x00,0x00,
        0x00,0x00,0x0B,0xC1,0x00,0x00,0x00,0x00,0x00,0x00,0x00,0x00,0x00,0x00,0x00,0x00,
        0x00,0x00,0x00,0x00,0x40,0x00,0x00,0x00,0x00,0x00,0x00,0x00,0x00,0x10,0x05,0x02,
        0x00,0x08,0x00,0x00,0x00,0x00,0x00,0x00,0x00,0x00,0x10,0x41,0x00,0x00,0x00,0x00,
        0x00,0x00,0x00,0x00,0x00,0x00,0x00,0x00,0x00,0x00,0x00,0x08,0x10,0x00,0x00,0x04,
        0x00,0x00,0x00,0x00,0x00,0x00,0x00,0x01,0x00,0x28,0x00,0x00,0x00,0x00,0x00,0x00,
        0x00,0x00,0xD0,0x06,0x00,0x00,0x00,0x00,0x00,0x00,0x00,0x00,0x00,0x00,0x00,0x00,
        0x00,0x00,0x00,0x04,0x00,0x00,0x00,0x04,0x00,0x00,0x00,0x00,0x00,0x20,0x20,0x08,
        0x00,0x48,0x00,0x00,0x00,0x00,0x00,0x00,0x00,0x00,0x00,0x04,0x00,0x00,0x08,0x00,
        0x00,0x00,0x00,0x00,0x00,0x00,0x00,0x00,0x00,0x00,0x00,0x01,0x88,0x00,0x00,0x04,
        0x00,0x00,0x00,0x00,0x00,0x20,0x00,0x00,0x91,0x08,0x00,0x00,0x00,0x00,0x00,0x00,
        0x00,0x05,0x40,0xA6,0x40,0x00,0x00,0x01,0x00,0x00,0x00,0x00,0x00,0x00,0x00,0x00,
        0x00,0x00,0x00,0x00,0x70,0x00,0x00,0x04,0x00,0x00,0x00,0x00,0x00,0x36,0x02,0x00,
        0x40,0x00,0x00,0x00,0x00,0x00,0x00,0x00,0x00,0x0C,0x00,0x08,0x40,0x00,0x00,0x02,
        0x00,0x00,0x00,0x00,0x00,0x00,0x00,0x00,0x00,0x00,0x00,0x00,0x58,0x00,0x00,0x00,
        0x00,0x00,0x00,0x00,0x00,0x14,0x00,0x25,0x80,0x10,0x00,0x00,0x00,0x00,0x00,0x00,
        0x00,0x09,0x48,0x40,0x00,0x00,0x00,0x02,0x00,0x00,0x00,0x00,0x00,0x00,0x00,0x00,
        0x00,0x00,0x00,0x00,0x78,0x00,0x00,0x08,0x00,0x00,0x00,0x00,0x00,0x18,0xC0,0x45,
        0x01,0x10,0x00,0x00,0x00,0x00,0x00,0x00,0x00,0x37,0x4E,0xAC,0x10,0x00,0x00,0x00,
        0x00,0x00,0x00,0x00,0x00,0x00,0x00,0x00,0x00,0x00,0x00,0x00,0x1C,0x00,0x00,0x00,
        0x00,0x00,0x00,0x00,0x00,0x0C,0xB6,0x04,0x00,0x00,0x00,0x00,0x00,0x00,0x00,0x00,
        0x01,0x5F,0x68,0x66,0x28,0x00,0x20,0x00,0x00,0x00,0x00,0x00,0x00,0x00,0x00,0x00,
        0x00,0x00,0x00,0x00,0x1D,0x00,0x00,0x10,0x00,0x00,0x00,0x00,0x00,0x08,0x50,0x11,
        0x02,0x20,0x00,0x00,0x00,0x00,0x00,0x00,0x05,0x05,0x91,0x3B,0x80,0x00,0x10,0x00,
        0x00,0x00,0x00,0x00,0x00,0x00,0x00,0x00,0x00,0x00,0x00,0x00,0x7E,0x00,0x00,0xC0,
        0x00,0x00,0x00,0x00,0x00,0x0A,0xB4,0x09,0x02,0x20,0x00,0x00,0x00,0x00,0x00,0x00,
        0x06,0x0C,0x00,0xBE,0x80,0x00,0x00,0x00,0x00,0x00,0x00,0x00,0x00,0x00,0x00,0x00,
        0x00,0x00,0x00,0x00,0x18,0x40,0x02,0x00,0x00,0x00,0x00,0x00,0x00,0x03,0xF0,0x21,
        0x00,0x00,0x00,0x00,0x00,0x00,0x00,0x00,0x06,0x10,0x00,0x1D,0x04,0x00,0x00,0x00,
        0x00,0x00,0x00,0x00,0x00,0x00,0x00,0x00,0x00,0x00,0x00,0x00,0x3A,0x00,0x00,0x00,
        0x00,0x00,0x00,0x00,0x00,0x07,0xFC,0x14,0x01,0x00,0x00,0x00,0x00,0x00,0x00,0x00,
        0x03,0x80,0x00,0x3F,0x10,0x00,0x00,0x00,0x00,0x00,0x00,0x00,0x00,0x00,0x00,0x00,
        0x00,0x00,0x00,0x00,0x78,0x80,0x08,0x00,0x00,0x00,0x00,0x00,0x00,0x03,0xF8,0x10,
        0x00,0x00,0x00,0x00,0x00,0x00,0x00,0x00,0x01,0x80,0x00,0xFF,0x01,0x00,0x00,0x00,
        0x00,0x00,0x00,0x00,0x00,0x00,0x00,0x00,0x00,0x00,0x00,0x00,0x6C,0x08,0x00,0x00,
        0x00,0x00,0x00,0x00,0x00,0x05,0xF1,0x00,0x00,0x00,0x00,0x00,0x00,0x00,0x00,0x00,
        0x00,0x00,0x00,0xDE,0x84,0x00,0x00,0x00,0x00,0x00,0x00,0x00,0x00,0x00,0x00,0x00,
        0x00,0x00,0x00,0x00,0xA2,0x20,0x08,0x00,0x00,0x00,0x00,0x00,0x00,0x01,0xF0,0x20,
        0x00,0x00,0x00,0x00,0x00,0x00,0x00,0x00,0x00,0x00,0x00,0xD7,0x02,0x80,0x00,0x00,
        0x00,0x00,0x00,0x00,0x00,0x00,0x00,0x00,0x00,0x00,0x00,0x00,0xC0,0x00,0x10,0x00,
        0x00,0x00,0x00,0x00,0x00,0x00,0xF4,0x50,0x00,0x00,0x00,0x00,0x00,0x00,0x00,0x00,
        0x00,0x00,0x00,0xFE,0x09,0x00,0x00,0x00,0x00,0x00,0x00,0x00,0x00,0x00,0x00,0x00,
        0x00,0x00,0x00,0x00,0x54,0x80,0x00,0x00,0x00,0x00,0x00,0x00,0x00,0x00,0x90,0x20,
        0x00,0x00,0x00,0x00,0x00,0x00,0x00,0x00,0x00,0x00,0x00,0x7C,0x01,0x00,0x00,0x00,
        0x00,0x00,0x00,0x00,0x00,0x00,0x00,0x00,0x00,0x00,0x00,0x00,0xC0,0x00,0x00,0x00,
        0x00,0x00,0x00,0x00,0x00,0x00,0x00,0x40,0x00,0x00,0x00,0x00,0x00,0x00,0x00,0x00,
        0x00,0x28,0x40,0x49,0x2B,0x00,0x00,0x00,0x00,0x00,0x00,0x00,0x00,0x00,0x00,0x00,
        0x00,0x00,0x00,0x00,0xC0,0x00,0x00,0x00,0x00,0x00,0x00,0x00,0x00,0x00,0x00,0x80,
        0x00,0x00,0x00,0x00,0x00,0x00,0x00,0x00,0x02,0x06,0x00,0x00,0x06,0x00,0x00,0x00,
        0x00,0x00,0x00,0x00,0x00,0x00,0x00,0x00,0x00,0x00,0x00,0x00,0x40,0x00,0x00,0x00,
        0x00,0x00,0x00,0x00,0x00,0x00,0x00,0x00,0x00,0x00,0x00,0x00,0x00,0x00,0x00,0x00,
        0x03,0x00,0x00,0x80,0x20,0x00,0x00,0x00,0x00,0x00,0x00,0x00,0x00,0x00,0x00,0x00,
        0x00,0x00,0x00,0x01,0x42,0x40,0x00,0x00,0x00,0x00,0x00,0x00,0x00,0x00,0x00,0x00,
        0x00,0x00,0x00,0x00,0x00,0x00,0x00,0x00,0x00,0x00,0x00,0x70,0x14,0x00,0x00,0x00,
        0x00,0x00,0x00,0x00,0x00,0x00,0x00,0x00,0x00,0x00,0x00,0x01,0xC0,0x24,0x00,0x00,
        0x00,0x00,0x00,0x00,0x00,0x00,0x00,0x00,0x00,0x00,0x00,0x00,0x00,0x00,0x00,0x00,
        0x00,0x00,0x00,0x01,0x30,0x00,0x00,0x30,0x00,0x00,0x00,0x00,0x00,0x00,0x00,0x00,
        0x00,0x00,0x00,0x03,0x85,0x00,0x00,0x00,0x00,0x00,0x00,0x00,0x00,0x00,0x00,0x00,
        0x00,0x00,0x00,0x00,0x00,0x00,0x00,0x00,0x00,0x00,0x00,0x08,0x78,0x00,0x00,0x06,
        0x00,0x00,0x00,0x00,0x00,0x00,0x00,0x00,0x00,0x00,0x00,0x00,0x42,0x30,0x00,0x00,
        0x00,0x00,0x00,0x00,0x00,0x00,0x00,0x00,0x00,0x00,0x00,0x00,0x00,0x00,0x00,0x00,
        0x00,0x00,0x00,0x01,0x60,0x00,0x00,0x08,0x00,0x00,0x00,0x00,0x00,0x00,0x00,0x00,
        0x00,0x00,0x00,0x03,0x82,0x00,0x00,0x00,0x00,0x00,0x00,0x00,0x00,0x00,0x00,0x00,
        0x00,0x00,0x00,0x00,0x00,0x00,0x00,0x00,0x00,0x00,0x00,0x00,0x00,0x00,0x00,0x10,
        0x00,0x00,0x00,0x00,0x00,0x00,0x00,0x00,0x00,0x00,0x00,0x02,0x89,0x00,0x00,0x00,
        0x00,0x00,0x00,0x00,0x00,0x00,0x00,0x00,0x00,0x00,0x00,0x00,0x00,0x00,0x00,0x00,
        0x00,0x00,0x00,0x00,0xF0,0x00,0x00,0x38,0x00,0x00,0x00,0x00,0x00,0x00,0x00,0x00,
        0x00,0x00,0x00,0x03,0x82,0x00,0x00,0x00,0x00,0x00,0x00,0x00,0x00,0x00,0x00,0x00,
        0x00,0x00,0x00,0x00,0x00,0x00,0x00,0x00,0x00,0x00,0x00,0x00,0x50,0x00,0x00,0xE0,
        0x00,0x00,0x00,0x00,0x00,0x00,0x00,0x00,0x00,0x00,0x00,0x01,0x00,0x00,0x00,0x00,
        0x00,0x00,0x00,0x00,0x00,0x00,0x00,0x00,0x00,0x00,0x00,0x00,0x00,0x00,0x00,0x00,
        0x00,0x00,0x00,0x00,0x20,0x00,0x01,0x40,0x00,0x00,0x00,0x00,0x00,0x00,0x00,0x00,
        0x00,0x00,0x00,0x03,0x80,0x00,0x00,0x00,0x00,0x00,0x00,0x00,0x00,0x00,0x00,0x00,
        0x00,0x00,0x00,0x00,0x00,0x00,0x00,0x00,0x00,0x00,0x00,0x00,0x00,0x00,0x07,0x80,
        0x00,0x00,0x00,0x00,0x00,0x00,0x00,0x00,0x00,0x00,0x00,0x07,0x00,0x00,0x00,0x00,
        0x00,0x00,0x00,0x00,0x00,0x00,0x00,0x00,0x00,0x00,0x00,0x00,0x00,0x00,0x00,0x00,
        0x00,0x00,0x00,0x00,0x00,0x00,0x08,0x00,0x00,0x00,0x00,0x00,0x00,0x00,0x00,0x00,
        0x00,0x00,0x00,0x07,0x80,0x00,0x00,0x00,0x00,0x00,0x00,0x00,0x00,0x00,0x00,0x00,
        0x00,0x00,0x00,0x00,0x00,0x00,0x00,0x00,0x00,0x00,0x00,0x00,0x00,0x00,0x06,0x00,
        0x00,0x00,0x00,0x00,0x00,0x00,0x00,0x00,0x00,0x00,0x00,0x07,0x80,0x00,0x00,0x00,
        0x00,0x00,0x00,0x00,0x00,0x00,0x00,0x00,0x00,0x00,0x00,0x00,0x00,0x00,0x00,0x00,
        0x00,0x00,0x00,0x00,0x00,0x00,0x00,0x00,0x00,0x00,0x00,0x00,0x00,0x00,0x00,0x00,
        0x00,0x00,0x00,0x07,0x88,0x00,0x00,0x00,0x00,0x00,0x00,0x00,0x00,0x00,0x00,0x00,
        0x00,0x00,0x00,0x04,0x00,0x00,0x00,0x00,0x00,0x00,0x00,0x00,0x00,0x00,0x00,0x00,
        0x00,0x00,0x00,0x00,0x00,0x00,0x00,0x00,0x00,0x00,0x00,0x07,0x10,0x00,0x00,0x00,
        0x00,0x00,0x00,0x00,0x00,0x00,0x00,0x00,0x00,0x00,0x00,0x00,0x00,0x00,0x00,0x00,
        0x00,0x00,0x00,0x00,0x00,0x00,0x00,0x00,0x00,0x00,0x00,0x00,0x00,0x00,0x00,0x00,
        0x00,0x00,0x00,0x07,0x00,0x30,0x00,0x00,0x00,0x00,0x00,0x00,0x00,0x00,0x00,0x00,
        0x00,0x00,0x00,0x00,0x00,0x00,0x00,0x00,0x00,0x00,0x00,0x00,0x00,0x00,0x00,0x00,
        0x00,0x00,0x00,0x00,0x00,0x00,0x00,0x00,0x00,0x00,0x00,0x07,0x10,0x30,0x00,0x00,
        0x00,0x00,0x00,0x00,0x00,0x00,0x00,0x00,0x00,0x00,0x00,0x00,0x00,0x00,0x00,0x00,
        0x00,0x00,0x00,0x00,0x00,0x00,0x00,0x00,0x00,0x00,0x00,0x00,0x00,0x00,0x00,0x00,
        0x00,0x00,0x00,0x03,0xC0,0x00,0x00,0x00,0x00,0x00,0x00,0x00,0x00,0x00,0x00,0x00,
        0x00,0x00,0x00,0x00,0x00,0x00,0x00,0x00,0x00,0x00,0x00,0x00,0x00,0x00,0x00,0x00,
        0x00,0x00,0x00,0x00,0x00,0x00,0x00,0x00,0x00,0x00,0x00,0x00,0xE4,0x00,0x00,0x00,
        0x00,0x00,0x00,0x00,0x00,0x00,0x00,0x00,0x00,0x00,0x00,0x00,0x00,0x00,0x00,0x00,
        0x00,0x00,0x00,0x00,0x00,0x00,0x00,0x00,0x00,0x00,0x00,0x00,0x00,0x00,0x00,0x00,
        0x00,0x00,0x00,0x00,0x20,0x00,0x00,0x00,0x00,0x00,0x00,0x00,0x00,0x00,0x00,0x00,
        0x00,0x00,0x00,0x00,0x00,0x00,0x00,0x00,0x00,0x00,0x00,0x00,0x00,0x00,0x00,0x00,
        0x00,0x00,0x00,0x00,0x00,0x00,0x00,0x00,0x00,0x00,0x00,0x00,0x00,0x00,0x00,0x00,
        0x00,0x00,0x00,0x00,0x00,0x00,0x00,0x00,0x00,0x00,0x00,0x00,0x00,0x00,0x00,0x00,
        0x00,0x00,0x00,0x00,0x00,0x00,0x00,0x00,0x00,0x00,0x00,0x00,0x00,0x00,0x00,0x00,
        0x00,0x00,0x00,0x00,0x00,0x00,0x00,0x00,0x00,0x00,0x00,0x00,0x00,0x00,0x00,0x00,
        0x00,0x00,0x00,0x00,0x00,0x00,0x00,0x00,0x00,0x00,0x00,0x00,0x00,0x00,0x00,0x00,
        0x00,0x00,0x00,0x00,0x00,0x00,0x00,0x00,0x00,0x00,0x00,0x00,0x00,0x00,0x00,0x00,
        0x00,0x00,0x00,0x00,0x00,0x00,0x00,0x00,0x00,0x00,0x00,0x00,0x00,0x00,0x00,0x00,
        0x00,0x00,0x00,0x00,0x00,0x00,0x00,0x00,0x00,0x00,0x00,0x00,0x00,0x00,0x00,0x00,
        0x00,0x00,0x00,0x00,0x00,0x00,0x00,0x00,0x00,0x00,0x00,0x00,0x00,0x00,0x00,0x00,
        0x00,0x00,0x00,0x00,0x00,0x00,0x00,0x00,0x00,0x00,0x00,0x00,0x00,0x00,0x00,0x00,
        0x00,0x00,0x00,0x00,0x00,0x00,0x00,0x00,0x00,0x00,0x00,0x00,0x00,0x00,0x00,0x00,
        0x00,0x00,0x00,0x00,0x00,0x00,0x00,0x00,0x00,0x00,0x00,0x00,0x00,0x00,0x00,0x00,
        0x00,0x00,0x00,0x00,0x00,0x00,0x00,0x00,0x00,0x00,0x00,0x00,0x00,0x00,0x00,0x00,
        0x00,0x00,0x00,0x00,0x00,0x00,0x00,0x00,0x00,0x00,0x00,0x00,0x00,0x00,0x00,0x00,
        0x00,0x00,0x00,0x00,0x00,0x00,0x00,0x00,0x00,0x00,0x00,0x00,0x00,0x00,0x00,0x00,
        0x00,0x00,0x00,0x00,0x00,0x00,0x00,0x00,0x00,0x00,0x00,0x00,0x00,0x18,0x00,0x00,
        0x00,0x00,0x00,0x00,0x00,0x00,0x00,0x00,0x00,0x00,0x00,0x00,0x00,0x00,0x00,0x00,
        0x00,0x00,0x00,0x00,0x00,0x00,0x00,0x00,0x00,0x00,0x00,0x00,0x00,0x00,0x00,0x00,
        0x00,0x00,0x00,0x00,0x01,0x60,0x00,0x00,0x00,0x00,0x00,0x00,0x00,0x00,0x00,0x00,
        0x00,0x00,0x00,0x00,0x00,0x00,0x06,0x00,0x00,0x00,0x00,0x00,0x00,0x00,0x00,0x00,
        0x00,0x00,0x00,0x00,0x00,0x00,0x00,0x00,0x00,0x00,0x00,0x00,0x03,0xE0,0x00,0x00,
        0x00,0x00,0x00,0x00,0x00,0x00,0x00,0x00,0x00,0x07,0x80,0x00,0x00,0x04,0x06,0xF0,
        0x18,0x03,0xE2,0x00,0x00,0x00,0x00,0x00,0x00,0x00,0x00,0x00,0x00,0x00,0x00,0x00,
        0x00,0x00,0x00,0x00,0x1F,0xC0,0x00,0x00,0x00,0x00,0x00,0x00,0x00,0x00,0x00,0x00,
        0x00,0x1F,0xF0,0x00,0x00,0x7F,0xFF,0xFF,0xFF,0xFF,0xFF,0xFF,0xC0,0x00,0x00,0x00,
        0x00,0x00,0x00,0x00,0x00,0x00,0x00,0x00,0x00,0x00,0x00,0x00,0x0F,0xF0,0x00,0x00,
        0x00,0x00,0x00,0x00,0x00,0x00,0x00,0x00,0x03,0xFF,0xFF,0xFC,0x03,0xFF,0xFF,0xFF,
        0xFF,0xFF,0xFF,0xFF,0xE0,0x00,0x00,0x00,0x00,0x00,0x00,0x00,0x00,0x00,0x00,0x00,
        0x00,0x00,0x00,0x00,0xCF,0xC0,0x00,0x00,0x00,0x00,0x00,0x00,0x00,0x00,0x00,0x37,
        0x0F,0xFF,0xFF,0xFF,0xCF,0xFF,0xFF,0xFF,0xFF,0xFF,0xFF,0xFF,0xFF,0xF0,0x00,0x00,
        0x00,0x00,0x00,0x00,0x00,0x00,0x00,0x00,0x00,0x00,0x00,0x07,0xFF,0xC0,0x00,0x00,
        0x00,0x00,0x00,0x2F,0xFF,0xFF,0xFF,0xFF,0xFF,0xFF,0xFF,0x77,0xFF,0x57,0xFF,0xFF,
        0xFF,0xFF,0xFF,0xFF,0xFF,0xFF,0x00,0x00,0x00,0x00,0x00,0x00,0x00,0x00,0x00,0x00,
        0x00,0x00,0x00,0x07,0xFF,0xE0,0x00,0x00,0x00,0x00,0x07,0xFF,0xFF,0xFF,0xFF,0xFF,
        0xFF,0xFF,0xFD,0x37,0xFF,0xFD,0x7F,0xFF,0xFF,0xFF,0xFF,0xFF,0xFF,0xFF,0xFE,0x00,
        0x00,0x00,0x00,0x00,0x00,0x00,0x00,0x00,0x0F,0xFF,0xC0,0x35,0xFF,0xE0,0x00,0x00,
        0x00,0x01,0xFF,0xFF,0xFF,0xFF,0xFF,0xDF,0xFF,0xFF,0x8F,0xFB,0xFF,0xFF,0xFF,0xFF,
        0xFF,0xFF,0xE3,0x7F,0xFF,0xFF,0xFE,0x00,0x00,0x00,0x00,0x00,0x00,0x01,0xFE,0x00,
        0x07,0xFF,0xFE,0xFF,0xFF,0xE0,0x00,0x00,0x00,0x07,0xFF,0xFF,0xFF,0xFF,0xFC,0x5F,
        0xFF,0xFE,0xB7,0x4F,0xFF,0xFE,0xFF,0xFF,0xFF,0xFF,0xED,0xFF,0xFF,0xFF,0xF4,0x00,
        0x00,0x00,0x00,0x00,0x07,0xFF,0xFF,0xFF,0xE3,0xFF,0xFF,0xFF,0xFB,0xC0,0x00,0x00,
        0x00,0x3F,0xFF,0xF0,0xFF,0xFF,0xFD,0x27,0xFF,0xFB,0xFB,0xFF,0xFF,0xFB,0xAB,0xFF,
        0xFF,0xFF,0x22,0xFF,0xFF,0xFF,0x00,0x00,0x00,0x00,0x00,0x0F,0xFF,0xFF,0xFF,0xFF,
        0xFF,0xFF,0xFF,0xFF,0xEF,0xFE,0x00,0x00,0x00,0xFF,0xFF,0xFF,0xBF,0xFF,0xF7,0xEB,
        0xFF,0xFF,0xFF,0xFF,0xFF,0xE3,0x7F,0xFF,0xFF,0xFE,0xBF,0xFF,0xFF,0xFF,0x80,0x00,
        0x00,0x00,0x1E,0xFF,0xFF,0xFF,0xFF,0xFF,0xFF,0xED,0xFF,0xFF,0xFE,0xFF,0xD0,0x00,
        0x0F,0xFF,0xFF,0xFB,0xC5,0xFF,0xFE,0xFF,0xFF,0xFF,0x43,0x7F,0xFF,0xBD,0xFB,0xFF,
        0xBF,0xC1,0x7E,0xFF,0xFF,0xFF,0x89,0x00,0xDE,0xA3,0xFF,0xFF,0xFF,0xFF,0xFF,0xFD,
        0xBF,0xD7,0xFF,0xFF,0xFF,0x7E,0xFF,0xFF,0x7F,0xFF,0xFF,0xF5,0xFF,0xFF,0xFF,0xD0,
        0x3F,0xFF,0xFF,0xBF,0xFF,0x7F,0xB5,0x4A,0x6E,0x3C,0xEF,0xD5,0xFF,0xFF,0xDF,0xFF,
        0xFF,0xFF,0xFF,0xFF,0xFF,0xFF,0xFF,0xFB,0x66,0xFC,0x7F,0xFF,0xEE,0xBD,0xD7,0xFF,
        0xFF,0xFF,0xFF,0xFB,0x7B,0xD7,0xFD,0x2A,0xAE,0xB6,0xAF,0x7F,0xFF,0xD4,0xD5,0xB5,
        0xB5,0xFF,0xBE,0xBF,0x7E,0xFF,0xFF,0xFF,0xFF,0xFF,0xFF,0xFF,0xFF,0xFF,0xFF,0xFF,
        0xDD,0xBA,0x97,0xFF,0xBF,0xEF,0xFF,0xFD,0xFD,0xFF,0x7F,0xE5,0xEB,0xFF,0xFA,0xAB,
        0x75,0xDB,0xB5,0xAA,0xB5,0x7B,0x5E,0xDF,0xFB,0xE7,0xFF,0xFB,0xFF,0xEB,0xFF,0xFF,
        0xFF,0xFF,0xFF,0xFF,0xFF,0xFF,0xFF,0xFF,0xFF,0x75,0x5F,0xFD,0xFD,0xFF,0xFF,0xF7,
        0xFF,0xFF,0xFF,0xFD,0xFF,0xFF,0xFF,0xFF,0xAF,0x6E,0xFF,0xFF,0xEE,0xAB,0x7F,0xB4,
        0xAF,0xFF,0xFD,0xFF,0xFF,0xFF,0xFF,0xFF,0xFF,0xFF,0xFF,0xF7,0xFD,0xFF,0xFF,0xFF,
        0xDE,0xE7,0xFF,0xFF,0xFF,0xFB,0xFF,0xDF,0xFF,0xFF,0xFF,0xC3,0xFF,0xFF,0xFF,0xFD,
        0x7F,0xBB,0xBF,0xFD,0x5A,0xAF,0xEE,0xDB,0xFF,0xFF,0xDF,0xFF,0x7F,0xFD,0xFF,0xFF,
        0xFF,0xFF,0xFF,0xFF,0xFF,0xFF,0xFF,0xFF,0xFD,0xDF,0xFF,0xB6,0xFF,0x6F,0xFF,0xFB,
        0x7F,0xFF,0xFF,0xFF,0xFF,0xFF,0xFF,0xF6,0xB5,0x6F,0xF5,0x57,0xFF,0xFD,0xFF,0xFF,
        0xFF,0xDF,0xFF,0xF7,0xFF,0xFF,0xF7,0xFF,0xD7,0xFF,0xFF,0xFF,0xFF,0xFF,0xFF,0xFF,
        0xFF,0xBF,0xFF,0xFF,0xFF,0xFF,0xFF,0xFF,0xFF,0xFF,0xFF,0xFF,0xFF,0xFF,0xFF,0xDB,
        0xEA,0xBF,0xFF,0xFF,0xFF,0xFF,0xF7,0x7F,0xFF,0xFF,0xFF,0xFF,0x77,0xFF,0xA1,0xFF,
        0xFF,0xFF,0xDF,0xBB,0xFF,0xFF,0xFF,0xFF,0xFF,0xFF,0xFF,0xFF,0xFF,0xFF,0xFF,0xFF,
        0xFF,0xFF,0xFF,0xFF,0xFF,0xFA,0xA5,0x6F,0x7F,0xDA,0xBB,0xFF,0xFF,0xFF,0xFF,0xFE,
        0xFF,0xFF,0xFF,0xFF,0xEF,0xFF,0xFF,0xFF,0xFF,0xFF,0xFF,0xFF,0xFF,0xFF,0xFF,0xFF,
        0xFF,0xFF,0xFF,0xFF,0xFF,0xFF,0xFF,0xFF,0xFF,0xFF,0xFF,0xFF,0xFF,0xFF,0xFF,0xB7,
        0xD9,0xAB,0xFF,0xFF,0xFF,0xFF,0xFF,0xD7,0xAF,0xFF,0xFF,0xFD,0xBE,0xBF,0xFF,0xFF,
        0xFF,0xFF,0xFF,0xFF,0xFF,0xFF,0xFF,0xFF,0xFF,0xFF,0xFF,0xFF,0xFF,0xFF,0xFF,0xFF,
        0xFF,0xFF,0xFF,0xFF,0xFF,0xFF,0xFF,0xFF,0xFF,0xFF,0xFF,0xFF,0xFF,0xFF,0xFF,0xFF,
        0xFF,0xFF,0xFF,0xEF,0xFB,0xFF,0xFF,0xFF,0xFF,0xFF,0xFF,0xFF,0xFF,0xFF,0xFF,0xFF,
        0xFF,0xFF,0xFF,0xFF,0xFF,0xFF,0xFF,0xFF,0xFF,0xFF,0xFF,0xFF,0xFF,0xFF,0xFF,0xFF,
        0xFF,0xFF,0xFF,0xFF,0xFF,0xFF,0xFF,0xFF,0xFF,0xFF,0xFF,0xFF,0xFF,0xFF,0xFF,0xFF,
    },
    {
        0x00,0x00,0x00,0x00,0x00,0x00,0x00,0x00,0x00,0x00,0x00,0x00,0x00,0x00,0x00,0x00,
        0x00,0x00,0x00,0x00,0x00,0x00,0x00,0x00,0x00,0x00,0x00,0x00,0x00,0x00,0x00,0x00,
        0x00,0x00,0x00,0x00,0x00,0x00,0x00,0x00,0x00,0x00,0x00,0x00,0x00,0x00,0x00,0x00,
        0x00,0x00,0x00,0x00,0x00,0x00,0x00,0x00,0x00,0x00,0x00,0x00,0x00,0x00,0x00,0x00,
        0x00,0x00,0x00,0x00,0x00,0x00,0x00,0x00,0x00,0x00,0x00,0x00,0x00,0x00,0x00,0x00,
        0x00,0x00,0x00,0x00,0x00,0x00,0x00,0x00,0x00,0x00,0x00,0x00,0x00,0x00,0x00,0x00,
        0x00,0x00,0x00,0x00,0x00,0x00,0x00,0x00,0x00,0x00,0x00,0x00,0x00,0x00,0x00,0x00,
        0x00,0x00,0x00,0x00,0x00,0x00,0x00,0x00,0x00,0x00,0x00,0x00,0x00,0x00,0x00,0x00,
        0x00,0x00,0x00,0x00,0x00,0x00,0x00,0x00,0x00,0x00,0x00,0x00,0x00,0x00,0x00,0x00,
        0x00,0x00,0x00,0x00,0x00,0x00,0x00,0x00,0x00,0x00,0x00,0x00,0x00,0x00,0x00,0x00,
        0x00,0x00,0x00,0x00,0x00,0x00,0x00,0x00,0x00,0x00,0x00,0x00,0x00,0x00,0x00,0x00,
        0x00,0x00,0x00,0x00,0x00,0x00,0x00,0x00,0x00,0x00,0x00,0x00,0x00,0x00,0x00,0x00,
        0x00,0x00,0x00,0x00,0x00,0x00,0x00,0x00,0x00,0x00,0x00,0x00,0x00,0x00,0x00,0x00,
        0x00,0x00,0x00,0x00,0x00,0x00,0x00,0x00,0x00,0x00,0x00,0x00,0x00,0x00,0x00,0x00,
        0x00,0x00,0x00,0x00,0x00,0x00,0x00,0x00,0x00,0x00,0x00,0x00,0x00,0x00,0x00,0x00,
        0x00,0x00,0x00,0x00,0x00,0x00,0x00,0x00,0x00,0x00,0x00,0x00,0x00,0x00,0x00,0x00,
        0x00,0x00,0x00,0x00,0x00,0x00,0x00,0x00,0x00,0x00,0x00,0x00,0x00,0x00,0x00,0x00,
        0x00,0x00,0x00,0x00,0x00,0x00,0x00,0x00,0x00,0x00,0x00,0x00,0x00,0x00,0x00,0x00,
        0x00,0x00,0x00,0x00,0x00,0x00,0x00,0x00,0x00,0x00,0x00,0x00,0x00,0x00,0x00,0x00,
        0x00,0x00,0x00,0x00,0x00,0x00,0x00,0x00,0x00,0x00,0x00,0x00,0x00,0x00,0x00,0x00,
        0x00,0x00,0x00,0x00,0x00,0x00,0x00,0x00,0x00,0x00,0x00,0x00,0x00,0x00,0x00,0x00,
        0x00,0x00,0x00,0x00,0x00,0x00,0x00,0x00,0x00,0x20,0x00,0x00,0x00,0x00,0x00,0x00,
        0x00,0x00,0x00,0x00,0x00,0x00,0x00,0x00,0x00,0x00,0x00,0x00,0x00,0x00,0x00,0x00,
        0x04,0x00,0x7C,0x00,0x00,0x00,0x00,0x00,0x00,0x00,0x00,0x00,0x00,0x44,0x00,0x00,
        0x00,0x00,0x00,0x00,0x00,0x00,0x20,0x08,0x00,0x00,0x00,0x00,0x00,0x00,0x00,0x00,
        0x00,0x00,0x00,0x00,0x00,0x00,0x00,0x00,0x04,0x02,0x10,0x00,0x00,0x00,0x00,0x00,
        0x00,0x00,0x00,0x00,0x00,0x04,0x10,0x00,0x00,0x00,0x00,0x00,0x00,0x00,0x00,0x00,
        0x00,0x00,0x00,0x00,0x00,0x00,0x00,0x00,0x00,0x00,0x00,0x00,0x00,0x00,0x0D,0x00,
        0x00,0x01,0x04,0x00,0x00,0x00,0x00,0x00,0x00,0x04,0x00,0x00,0x00,0x00,0x00,0x00,
        0x00,0x00,0x00,0x00,0x00,0x00,0x00,0x25,0x00,0x00,0x00,0x00,0x00,0x00,0x00,0x00,
        0x00,0x00,0x00,0x00,0x00,0x00,0x03,0x09,0x80,0x00,0x10,0x00,0x00,0x00,0x00,0x00,
        0x00,0x00,0x00,0x00,0x00,0x00,0x00,0x00,0x00,0x00,0x00,0x00,0x00,0x00,0x52,0xFA,
        0x10,0x00,0x00,0x29,0x80,0x00,0x00,0x00,0x00,0x00,0x00,0x00,0x00,0x00,0x00,0xDB,
        0xC0,0x00,0x00,0x00,0x00,0x00,0x00,0x00,0x00,0x00,0x00,0x00,0x00,0x00,0x00,0x00,
        0x00,0x00,0x40,0x00,0x00,0x0A,0xDE,0xC2,0x88,0x00,0x00,0x20,0x38,0x00,0x00,0x00,
        0x00,0x00,0x00,0x00,0x00,0x00,0x3D,0x00,0x01,0x00,0x00,0x00,0x00,0x00,0x00,0x00,
        0x00,0x0C,0x00,0x00,0x00,0x00,0x00,0x00,0x00,0x00,0x00,0x00,0x00,0xA5,0xBB,0xEC,
        0x07,0xC5,0xE0,0x06,0x00,0x00,0x00,0x00,0x00,0x00,0x00,0x00,0x00,0x00,0x99,0xDA,
        0x43,0xE4,0x39,0x00,0x00,0x02,0x00,0x00,0x00,0x10,0x00,0x00,0x00,0x00,0x00,0x00,
        0x00,0x02,0xC0,0x01,0xBC,0x8A,0x48,0x01,0xBF,0x82,0x70,0x0F,0xD0,0x00,0x00,0x00,
        0xC0,0x00,0x04,0x00,0x00,0x00,0x69,0x7E,0x60,0x88,0x77,0xA0,0x80,0x01,0x80,0x00,
        0x00,0x20,0x00,0x00,0x00,0x00,0x00,0x00,0x00,0x02,0x80,0x16,0x36,0xD0,0x80,0x0E,
        0x82,0x0A,0x95,0xE0,0xA2,0x00,0x00,0x01,0x00,0x01,0xA0,0x4B,0x80,0x1C,0x00,0xAA,
        0xC4,0x1C,0x56,0xB8,0x10,0x01,0x60,0x00,0x00,0x00,0x00,0x00,0x00,0x00,0x58,0x00,
        0x00,0x00,0x48,0x01,0xC1,0x00,0x08,0xEA,0x68,0x00,0x21,0x02,0x0A,0x20,0x00,0x00,
        0x00,0x0F,0x50,0x55,0x04,0x20,0x1A,0x32,0xC4,0x01,0x87,0x11,0x00,0x00,0xA0,0x00,
        0x00,0x00,0x00,0x00,0x00,0x07,0x00,0xC5,0x80,0x08,0x0C,0x08,0xD0,0x10,0xC9,0x80,
        0x10,0x02,0x48,0x28,0x00,0x20,0x03,0xA5,0xB0,0x08,0x0A,0x05,0x01,0x4B,0x2E,0x0A,
        0x27,0x17,0xBF,0x03,0x40,0x00,0x80,0x00,0x00,0x00,0x00,0x00,0x00,0x06,0x25,0x10,
        0x30,0xD8,0x00,0x18,0x3C,0x06,0x52,0x24,0x10,0x84,0x61,0x00,0x00,0x40,0x16,0x5A,
        0x75,0x03,0x05,0x52,0x48,0x08,0xFD,0x2A,0xD4,0x2F,0xD0,0x38,0x50,0x00,0x20,0x00,
        0x00,0x00,0x00,0x00,0x00,0x0A,0x80,0x0F,0x09,0x40,0x00,0x02,0x81,0x40,0x00,0x01,
        0xE0,0x00,0x44,0x1A,0x40,0x00,0x81,0x93,0xED,0x80,0x10,0x00,0x00,0x10,0xA2,0xAB,
        0x20,0x13,0xF0,0x28,0x7A,0x80,0x10,0x02,0x00,0x04,0x10,0x00,0x00,0x11,0x2E,0xB6,
        0x58,0x00,0x00,0x21,0x08,0x00,0x04,0x48,0x02,0x00,0x00,0x10,0x04,0x00,0x00,0x22,
        0x0A,0x03,0x00,0x48,0x40,0x14,0x12,0xA5,0x21,0x31,0x48,0x2C,0x10,0x00,0x40,0x00,
        0x00,0x04,0x10,0x00,0x00,0x64,0x00,0x21,0x70,0x54,0x10,0x00,0xA8,0x82,0x00,0x00,
        0x00,0x01,0x00,0x09,0x40,0x00,0x40,0x01,0x00,0x84,0x82,0x24,0x96,0xC0,0x85,0x15,
        0x48,0x9A,0x0D,0x00,0xBA,0x00,0x20,0x00,0x00,0x07,0x80,0x00,0x01,0xC2,0xD8,0xF6,
        0xA5,0x00,0x84,0xA5,0x14,0x04,0x00,0x00,0x00,0x00,0x04,0x80,0x00,0x00,0x02,0x00,
        0x00,0x00,0x00,0x6A,0xA9,0x2A,0xE1,0x6E,0x1A,0xBC,0x02,0x2C,0x34,0x00,0x00,0x00,
        0x00,0x00,0x00,0x00,0x04,0x05,0x03,0xEB,0x40,0xE8,0x10,0x03,0xF6,0x00,0x00,0x00,
        0x00,0x00,0x00,0x24,0xA0,0x00,0x60,0x01,0x00,0x08,0x09,0x36,0x50,0x85,0x28,0xC5,
        0x51,0x68,0x00,0x08,0x80,0x00,0x08,0x00,0x00,0x00,0x00,0x00,0x09,0x89,0x05,0xEF,
        0xAA,0x01,0x54,0x15,0xDA,0xD2,0xB0,0x00,0x00,0x00,0x00,0x07,0x00,0x02,0x60,0x40,
        0x00,0x08,0x03,0xE3,0x05,0xCD,0xD6,0x15,0x6D,0xA0,0x00,0x01,0x80,0x00,0x01,0x80,
        0x00,0x00,0x00,0x00,0x09,0x2E,0xBF,0xDD,0x40,0x10,0x08,0x26,0x65,0x24,0x84,0x00,
        0x18,0x00,0x00,0x00,0x00,0x41,0x3B,0x00,0x00,0x01,0x41,0x40,0x01,0x22,0x40,0x23,
        0x51,0x98,0x00,0x04,0x23,0x00,0x00,0x00,0x00,0x00,0x00,0x00,0x01,0xF9,0x8D,0xC8,
        0x41,0x00,0x21,0x09,0x54,0xA9,0x68,0x80,0x20,0x00,0x00,0x02,0xA3,0x82,0x00,0x00,
        0x00,0x00,0x15,0x80,0x03,0xB0,0x3A,0x10,0x5C,0xA4,0x00,0x10,0x02,0x00,0x00,0x00,
        0x00,0x00,0x00,0x64,0x02,0x06,0x14,0x04,0x00,0x00,0x00,0x00,0x92,0x04,0x89,0x50,
        0x80,0x00,0x00,0x08,0x00,0x08,0x80,0x00,0x00,0x00,0x29,0x00,0x01,0xEA,0xD0,0x8D,
        0x6F,0x50,0xC0,0x02,0x05,0x40,0x00,0x00,0x00,0x00,0x00,0x20,0x01,0x4A,0x04,0x08,
        0x00,0x00,0x00,0x00,0x00,0x40,0x00,0x25,0x00,0x00,0x00,0x00,0x00,0x00,0x00,0x00,
        0x00,0x01,0xE0,0x00,0x00,0x6C,0xF0,0x53,0xFA,0xD8,0x30,0x04,0x91,0x60,0x00,0x00,
        0x00,0x00,0x00,0x32,0x00,0x78,0x20,0x00,0x00,0x00,0x00,0x00,0x00,0x00,0x20,0x28,
        0x42,0x00,0x00,0x40,0x00,0x20,0x00,0x00,0x00,0x02,0x00,0x00,0x00,0x23,0xEA,0x00,
        0xAD,0x7D,0x02,0x51,0x44,0x08,0x00,0x00,0x00,0x00,0x00,0x09,0x01,0x73,0xC0,0x00,
        0x00,0x00,0x00,0x00,0x00,0x00,0x05,0x04,0xC0,0x00,0x40,0xC0,0x00,0x21,0x00,0x00,
        0x00,0x10,0x00,0x00,0x00,0x2E,0xD1,0x00,0x05,0x93,0xA9,0x54,0xBB,0x64,0x00,0x00,
        0x00,0x00,0x00,0x08,0x88,0x00,0x00,0x00,0x00,0x00,0x00,0x00,0x80,0x00,0x10,0x01,
        0x00,0x00,0x04,0x27,0x00,0x20,0x00,0x00,0x00,0x00,0x00,0x00,0x00,0x06,0x18,0x47,
        0xC0,0x4D,0x60,0x01,0x56,0xB2,0x00,0x00,0x00,0x00,0x00,0x20,0x00,0x00,0x00,0x00,
        0x00,0x00,0x01,0x40,0x7C,0x00,0x42,0x03,0x00,0x00,0x00,0x01,0x00,0x00,0x00,0x00,
        0x00,0x00,0x00,0x00,0x00,0x02,0x86,0x1F,0xE0,0x1F,0xD2,0x17,0x7D,0xBC,0x00,0x00,
        0x00,0x00,0x01,0x10,0x60,0x00,0x00,0x00,0x00,0x22,0x9F,0xFD,0x36,0x00,0x00,0x04,
        0x00,0x00,0x01,0x03,0x00,0x00,0x00,0x00,0x00,0x00,0x00,0x00,0x00,0x03,0xD3,0x9F,
        0xC0,0x03,0xD4,0x00,0xB9,0xE2,0x00,0x00,0x00,0x00,0x00,0x10,0xA0,0x00,0x00,0x00,
        0x00,0x69,0xEE,0xFF,0xAF,0x01,0xE8,0x00,0x07,0xC0,0x00,0x02,0x00,0x00,0x00,0x00,
        0x00,0x00,0x00,0x00,0x00,0x00,0xC9,0x1F,0xF0,0x0A,0x60,0x06,0x5E,0x00,0x80,0x00,
        0x00,0x00,0x00,0x08,0x00,0x00,0x00,0x00,0x01,0x7F,0xFF,0xDF,0xFF,0x83,0x7F,0x82,
        0x0F,0xE0,0x00,0x0B,0x00,0x00,0x00,0x00,0x00,0x00,0x00,0x00,0x00,0x00,0x6E,0x8F,
        0xD0,0x01,0x0D,0x29,0xA6,0x1C,0x80,0x00,0x00,0x00,0x00,0x00,0x00,0x00,0x00,0x00,
        0x00,0x9F,0xF7,0xFF,0xFF,0xFE,0xFE,0xBE,0xFE,0xC0,0x00,0x32,0x00,0x00,0x00,0x00,
        0x00,0x00,0x00,0x00,0x00,0x00,0x56,0x43,0x70,0x01,0xBA,0x14,0x03,0x60,0x80,0x00,
        0x00,0x00,0x00,0x00,0x00,0x00,0x00,0x00,0x01,0x50,0xFF,0xFF,0xD5,0x67,0xFF,0xCB,
        0x6F,0xC4,0x00,0x01,0x00,0x00,0x00,0x00,0x00,0x00,0x00,0x00,0x00,0x00,0x04,0x0B,
        0x7C,0x00,0x3C,0x80,0x04,0xE0,0x00,0x00,0x00,0x00,0x00,0x01,0x00,0x00,0x00,0x00,
        0x03,0xC0,0xF3,0xFF,0xBC,0x3F,0xBF,0xFF,0xFE,0x86,0x00,0x00,0x00,0x00,0x00,0x00,
        0x00,0x00,0x00,0x00,0x00,0x00,0x1D,0x31,0xE5,0x00,0x11,0x10,0x15,0x00,0x00,0x00,
        0x00,0x00,0x00,0x00,0x00,0x00,0x00,0x80,0x40,0xAB,0xFB,0xFF,0xFE,0xFF,0xFB,0xFF,
        0xFF,0x5C,0x00,0x01,0x00,0x00,0x00,0x00,0x00,0x00,0x00,0x00,0x00,0x00,0x47,0xF9,
        0xEC,0x00,0x00,0x70,0x44,0x00,0x00,0x00,0x00,0x00,0x00,0x2A,0x00,0x00,0x00,0x00,
        0x10,0x01,0xEF,0xFF,0xF2,0x07,0xEF,0xFF,0xFF,0x58,0x00,0x04,0x40,0x00,0x00,0x00,
        0x00,0x00,0x00,0x00,0x00,0x00,0x6F,0xFE,0xF7,0x00,0x11,0x80,0x40,0x00,0x00,0x00,
        0x00,0x00,0x00,0x08,0x00,0x84,0x80,0x06,0x00,0x01,0x9F,0xFE,0x20,0xFB,0xFF,0xFF,
        0xFF,0x20,0x00,0x0F,0x00,0x00,0x00,0x00,0x00,0x00,0x00,0x00,0x00,0x00,0x45,0xD7,
        0xB8,0x00,0x00,0x01,0x80,0x00,0x00,0x00,0x00,0x00,0x00,0x37,0x81,0x80,0x00,0x51,
        0x70,0x00,0x7F,0xFF,0xAD,0xFF,0xFF,0xFF,0xFE,0x00,0x00,0x0C,0x00,0x00,0x00,0x00,
        0x00,0x00,0x00,0x00,0x00,0x00,0x7F,0xFB,0x02,0x00,0x00,0x00,0x00,0x00,0x00,0x00,
        0x00,0x00,0x00,0x4E,0x00,0x04,0x00,0x05,0xFB,0x39,0xFF,0xFF,0xBF,0xFF,0xFF,0xFF,
        0xFC,0x00,0x00,0x08,0x00,0x00,0x00,0x00,0x00,0x00,0x00,0x00,0x00,0x00,0x17,0xBF,
        0x1B,0x80,0x00,0x04,0x00,0x00,0x00,0x00,0x00,0x00,0x00,0xFF,0x00,0x00,0x21,0x3F,
        0xD5,0xE0,0x7F,0xFD,0x6F,0xFF,0xFF,0xFF,0xE0,0x18,0x00,0x00,0x00,0x00,0x00,0x00,
        0x00,0x00,0x00,0x00,0x00,0x00,0x0A,0xFF,0x3F,0x40,0x00,0x00,0x00,0x00,0x00,0x00,
        0x00,0x00,0x00,0xFF,0x00,0x0C,0x00,0x6E,0x78,0x61,0x7F,0xFF,0xEF,0xFF,0xFF,0x1F,
        0xE8,0x00,0x20,0x14,0x00,0x00,0x00,0x00,0x00,0x00,0x00,0x00,0x00,0x00,0x1F,0xFF,
        0x8E,0x80,0x00,0x08,0x00,0x00,0x00,0x00,0x00,0x00,0x00,0x0C,0x83,0x80,0x00,0x54,
        0xFF,0x6A,0x7F,0xFF,0x8F,0xFF,0xFF,0xDF,0x20,0x08,0x00,0x40,0x00,0x00,0x00,0x00,
        0x00,0x00,0x00,0x00,0x00,0x00,0x07,0xFF,0xFF,0x80,0x00,0x00,0x00,0x00,0x00,0x00,
        0x00,0x00,0x00,0x24,0xFF,0xC0,0x04,0x00,0xFF,0xFF,0xFF,0xFC,0x07,0xFF,0xFF,0xDF,
        0x20,0x00,0x03,0x08,0x00,0x00,0x00,0x00,0x00,0x00,0x00,0x00,0x00,0x00,0x07,0xFF,
        0x6F,0x80,0x00,0x00,0x00,0x00,0x00,0x00,0x00,0x00,0x00,0x1F,0xFF,0x80,0x00,0x01,
        0xFF,0xFF,0xFF,0xFF,0x1B,0xFF,0xFB,0x00,0x00,0x10,0x4D,0x40,0x00,0x00,0x00,0x00,
        0x00,0x00,0x00,0x00,0x00,0x00,0x01,0xFF,0xFF,0x40,0x00,0x00,0x00,0x00,0x00,0x00,
        0x00,0x00,0x00,0x7F,0xFD,0xE0,0x00,0x00,0xFF,0xFF,0xFF,0xFF,0x87,0xFF,0xF8,0x00,
        0x00,0x00,0x06,0x00,0x00,0x00,0x00,0x00,0x00,0x00,0x00,0x00,0x00,0x00,0x00,0xFF,
        0xFE,0xC0,0x00,0x00,0x00,0x00,0x00,0x00,0x00,0x00,0x00,0xFF,0xFF,0xF0,0x1A,0x01,
        0xFF,0xFF,0xFF,0xFF,0xC7,0xFF,0xD0,0x00,0x00,0x00,0x10,0x00,0x00,0x00,0x00,0x00,
        0x00,0x00,0x00,0x00,0x00,0x00,0x00,0xDF,0xFF,0x40,0x00,0x00,0x00,0x00,0x00,0x00,
        0x00,0x00,0x01,0xFF,0xFF,0xFE,0x18,0x07,0xFF,0xFF,0xFF,0xFF,0xC3,0x7F,0xB8,0x00,
        0x00,0x08,0x00,0x00,0x00,0x00,0x00,0x00,0x00,0x00,0x00,0x00,0x00,0x00,0x00,0x6C,
        0xFE,0x80,0x00,0x00,0x00,0x00,0x00,0x00,0x00,0x00,0x00,0xFF,0xFF,0xFF,0x00,0xFF,
        0xFF,0xF7,0xFF,0xFF,0xE0,0x7E,0xF2,0x00,0x00,0x00,0x00,0x00,0x00,0x00,0x00,0x00,
        0x00,0x00,0x00,0x00,0x00,0x00,0x00,0x1C,0xFF,0x80,0x00,0x80,0x00,0x00,0x00,0x00,
        0x00,0x00,0x03,0xFF,0xFF,0xFF,0x25,0x7F,0xFF,0xE7,0xFF,0xFF,0xF8,0x3F,0xA4,0x00,
        0x00,0x00,0x00,0x00,0x00,0x00,0x00,0x00,0x00,0x00,0x00,0x00,0x00,0x00,0x00,0x12,
        0x7F,0x80,0x02,0x00,0x00,0x00,0x00,0x00,0x00,0x00,0x03,0xFF,0xFF,0xFF,0xB5,0xBD,
        0xFF,0xD3,0xFF,0xFF,0xFE,0x02,0x80,0x00,0x00,0x00,0x00,0x00,0x00,0x00,0x00,0x00,
        0x00,0x00,0x00,0x00,0x00,0x00,0x00,0x1A,0x3B,0x80,0x00,0x00,0x00,0x00,0x00,0x00,
        0x00,0x00,0x07,0xFF,0xFF,0xFF,0x96,0xDC,0x7F,0xE0,0xFF,0xFF,0xFD,0xE0,0x00,0x00,
        0x00,0x00,0x00,0x00,0x00,0x00,0x00,0x00,0x00,0x00,0x00,0x00,0x00,0x00,0x00,0x04,
        0x3F,0x00,0x01,0x00,0x00,0x00,0x00,0x00,0x00,0x00,0x0F,0xFF,0xFF,0xFF,0xAF,0xEE,
        0x7F,0xF0,0x08,0xBF,0xE6,0xFE,0x00,0x00,0x00,0x00,0x00,0x00,0x00,0x00,0x00,0x00,
        0x00,0x00,0x00,0x00,0x00,0x00,0x00,0x0C,0x9E,0x00,0x00,0x10,0x00,0x00,0x00,0x00,
        0x00,0x00,0x0A,0xFF,0xFF,0xFF,0xFF,0xFF,0x5F,0xF4,0xE0,0x1F,0xFB,0xF7,0x00,0x00,
        0x00,0x08,0x00,0x00,0x00,0x00,0x00,0x00,0x00,0x00,0x00,0x00,0x00,0x00,0x00,0x02,
        0x5A,0x00,0x06,0x80,0x00,0x00,0x00,0x00,0x00,0x00,0x1F,0xFF,0xFF,0xFD,0xFF,0xFE,
        0x2F,0xE9,0xF8,0x0F,0xFF,0xFC,0x00,0x00,0x00,0x20,0x00,0x00,0x00,0x00,0x00,0x00,
        0x00,0x00,0x00,0x00,0x00,0x00,0x00,0x00,0x26,0x40,0x05,0x00,0x00,0x00,0x00,0x00,
        0x00,0x00,0x3F,0xFF,0xFF,0xFF,0xFF,0xFF,0x9F,0xF7,0xE8,0x03,0xBC,0x42,0x08,0x00,
        0x00,0x00,0x00,0x00,0x00,0x00,0x00,0x00,0x00,0x00,0x00,0x00,0x00,0x00,0x00,0x00,
        0x22,0x01,0x00,0x04,0x00,0x00,0x00,0x00,0x00,0x00,0x3F,0xFF,0xFF,0xFF,0xFF,0xFF,
        0x9F,0xFF,0xD8,0x02,0xDF,0xB8,0x08,0x00,0x00,0x00,0x00,0x00,0x00,0x00,0x00,0x00,
        0x00,0x00,0x00,0x00,0x00,0x00,0x00,0x00,0x20,0xA0,0x20,0x0C,0x40,0x00,0x00,0x00,
        0x00,0x00,0x3F,0xFF,0xFF,0xFF,0xFF,0xFF,0x8F,0xFF,0x80,0x00,0x72,0xC0,0x04,0x00,
        0x00,0x00,0x00,0x00,0x00,0x00,0x00,0x00,0x00,0x00,0x00,0x00,0x00,0x00,0x00,0x00,
        0x10,0x18,0x00,0x03,0x2C,0x00,0x00,0x00,0x00,0x00,0x3F,0xF7,0xFF,0xF7,0xFF,0xFF,
        0xC7,0xFF,0x00,0x00,0xEF,0xC0,0x00,0x00,0x80,0x18,0x00,0x00,0x00,0x00,0x00,0x00,
        0x00,0x00,0x00,0x00,0x00,0x00,0x00,0x00,0x04,0x00,0x00,0x10,0x00,0x00,0x00,0x00,
        0x00,0x00,0x3F,0xFF,0xFF,0x85,0xFF,0xFF,0xE7,0xFF,0xC0,0x00,0x7F,0x00,0x0C,0x00,
        0x00,0x00,0x00,0x00,0x00,0x00,0x00,0x00,0x00,0x00,0x00,0x00,0x00,0x00,0x00,0x00,
        0x00,0x00,0x40,0x00,0x00,0x00,0x00,0x00,0x00,0x00,0x3F,0xFF,0xFF,0xC0,0xFF,0xFF,
        0xE7,0xFE,0x00,0x00,0x3F,0x00,0x00,0x04,0x00,0x28,0x00,0x00,0x00,0x00,0x00,0x00,
        0x00,0x00,0x00,0x00,0x00,0x00,0x00,0x00,0x00,0x00,0x00,0x00,0x00,0x00,0x00,0x00,
        0x00,0x00,0x7F,0xFF,0xFF,0xF6,0xFF,0xFF,0xF3,0xFC,0x00,0x00,0x5E,0x00,0x00,0x18,
        0x00,0x20,0x00,0x00,0x00,0x00,0x00,0x00,0x00,0x00,0x00,0x00,0x00,0x00,0x00,0x00,
        0x00,0x02,0x00,0x00,0x00,0x00,0x00,0x00,0x00,0x00,0x7D,0xFF,0xFF,0xFF,0xFF,0xFF,
        0x19,0xE0,0x00,0x00,0x1F,0x00,0x00,0x00,0x00,0x0C,0x00,0x00,0x00,0x00,0x00,0x00,
        0x00,0x00,0x00,0x00,0x00,0x00,0x00,0x00,0x00,0x00,0x40,0x00,0x00,0x00,0x00,0x00,
        0x00,0x00,0x10,0x3F,0xFF,0xFF,0xFF,0xFE,0x1D,0x80,0x00,0x00,0x1E,0x00,0x00,0x00,
        0x40,0x12,0x00,0x00,0x00,0x00,0x00,0x00,0x00,0x00,0x00,0x00,0x00,0x00,0x00,0x00,
        0x00,0x00,0x00,0x00,0x40,0x00,0x00,0x00,0x00,0x00,0x00,0x07,0x7F,0xF3,0x07,0xE8,
        0x0E,0x04,0x00,0x00,0x0E,0x00,0x00,0x00,0x00,0x0A,0x00,0x00,0x00,0x00,0x00,0x00,
        0x00,0x00,0x00,0x00,0x00,0x00,0x00,0x00,0x00,0x00,0x10,0x00,0x1C,0x80,0x00,0x00,
        0x00,0x00,0x00,0x29,0xDE,0x68,0x07,0x80,0x0E,0x78,0x00,0x00,0x1E,0x00,0x00,0x80,
        0x00,0x0B,0x00,0x00,0x00,0x00,0x00,0x00,0x00,0x00,0x00,0x00,0x00,0x00,0x00,0x00,
        0x00,0x00,0x08,0x20,0x00,0x00,0x00,0x00,0x00,0x00,0x00,0x05,0xCD,0xE4,0x00,0x00,
        0x0F,0xFC,0x00,0x00,0x00,0x00,0x00,0x80,0x00,0x00,0x00,0x00,0x00,0x00,0x00,0x00,
        0x00,0x00,0x00,0x00,0x00,0x00,0x00,0x00,0x00,0x00,0x00,0x50,0x07,0x00,0x00,0x00,
        0x00,0x00,0x00,0x00,0x32,0x80,0x00,0x00,0x13,0xF8,0x00,0x00,0x04,0x80,0x00,0x04,
        0x00,0x06,0x00,0x00,0x00,0x00,0x00,0x00,0x00,0x00,0x00,0x00,0x00,0x00,0x00,0x00,
        0x00,0x00,0x01,0x80,0x00,0x00,0x00,0x00,0x00,0x00,0x00,0x00,0x41,0x00,0x00,0x00,
        0x0F,0xF0,0x00,0x00,0x00,0x00,0x00,0x00,0x00,0x08,0x80,0x00,0x00,0x00,0x00,0x00,
        0x00,0x00,0x00,0x00,0x00,0x00,0x00,0x00,0x00,0x00,0x00,0x00,0x00,0x07,0x00,0x00,
        0x00,0x00,0x00,0x00,0x02,0x00,0x00,0x00,0x0F,0xF0,0x00,0x00,0x00,0x80,0x00,0x00,
        0x00,0x03,0x00,0x00,0x00,0x00,0x00,0x00,0x00,0x00,0x00,0x00,0x00,0x00,0x00,0x00,
        0x00,0x00,0x00,0x00,0x00,0x00,0x40,0x00,0x00,0x00,0x01,0x00,0x0C,0x00,0x00,0x01,
        0x2F,0xE0,0x00,0x00,0x00,0x00,0x02,0x00,0x01,0x00,0x00,0x00,0x00,0x00,0x00,0x00,
        0x00,0x00,0x00,0x00,0x00,0x00,0x00,0x00,0x00,0x00,0x00,0x00,0x00,0x00,0xA0,0x00,
        0x00,0x00,0x00,0x00,0x00,0x00,0x00,0x01,0xDF,0xE0,0x00,0x00,0x00,0x00,0x04,0x40,
        0x02,0x80,0x00,0x00,0x00,0x00,0x00,0x00,0x00,0x00,0x00,0x00,0x00,0x00,0x00,0x00,
        0x00,0x00,0x00,0x20,0x00,0x00,0x00,0x00,0x00,0x00,0x00,0x00,0x00,0x00,0x00,0x01,
        0xFF,0xC0,0x00,0x00,0x00,0x00,0x02,0x40,0x08,0x80,0x00,0x00,0x00,0x00,0x00,0x00,
        0x00,0x00,0x00,0x00,0x00,0x00,0x00,0x00,0x00,0x00,0x00,0x00,0x00,0x00,0x00,0x00,
        0x00,0x00,0x00,0x00,0x00,0x80,0x00,0x00,0xFE,0x00,0x00,0x00,0x00,0x00,0x01,0x20,
        0x44,0x40,0x40,0x00,0x00,0x00,0x00,0x00,0x00,0x00,0x00,0x00,0x00,0x00,0x00,0x00,
        0x00,0x00,0x00,0x00,0x00,0x00,0x00,0x00,0x00,0x00,0x00,0x00,0x00,0x00,0x00,0x00,
        0x7C,0x00,0x00,0x00,0x00,0x00,0x00,0x08,0x00,0x1E,0x40,0x00,0x00,0x00,0x00,0x00,
        0x00,0x00,0x00,0x00,0x00,0x00,0x00,0x00,0x00,0x01,0x00,0x00,0x00,0x00,0x02,0x00,
        0x00,0x00,0x00,0x00,0x00,0x00,0x00,0x00,0x30,0x00,0x00,0x00,0x00,0x00,0x00,0x00,
        0x00,0xA0,0x4E,0x00,0x00,0x00,0x00,0x00,0x00,0x00,0x00,0x00,0x00,0x00,0x00,0x00,
        0x00,0x00,0x00,0x00,0x00,0x00,0x00,0x80,0x00,0x00,0x00,0x00,0x00,0x00,0x00,0x00,
        0xF0,0x00,0x00,0x00,0x00,0x00,0x00,0x40,0x40,0x18,0x08,0x70,0x00,0x00,0x00,0x00,
        0x00,0x00,0x00,0x00,0x00,0x00,0x00,0x00,0x00,0x00,0x00,0x00,0x00,0x00,0x00,0x10,
        0x00,0x00,0x00,0x00,0x00,0x00,0x00,0x01,0xA0,0x00,0x00,0x00,0x00,0x00,0x00,0x23,
        0x01,0x58,0xB1,0x46,0x00,0x00,0x00,0x00,0x00,0x00,0x00,0x00,0x00,0x00,0x00,0x00,
        0x00,0x00,0x00,0x80,0x00,0x00,0x00,0x00,0x00,0x00,0x00,0x00,0x00,0x00,0x00,0x06,
        0xD0,0x00,0x00,0x00,0x00,0x00,0x00,0x00,0x06,0x10,0x83,0x80,0x81,0x00,0x00,0x00,
        0x00,0x00,0x00,0x00,0x00,0x00,0x00,0x00,0x00,0x00,0x01,0x00,0x00,0x00,0x00,0x00,
        0x80,0x00,0x00,0x00,0x00,0x20,0x00,0x02,0x00,0x00,0x00,0x00,0x00,0x00,0x00,0x00,
        0x00,0x2C,0x00,0x41,0x42,0x00,0x00,0x00,0x00,0x00,0x00,0x00,0x00,0x00,0x00,0x00,
        0x00,0x00,0x00,0x00,0x00,0x10,0x00,0x03,0x00,0x00,0x00,0x00,0x00,0x00,0x00,0x21,
        0x80,0x00,0x00,0x00,0x00,0x00,0x00,0x05,0x80,0x00,0x01,0x00,0x0C,0x20,0x00,0x00,
        0x00,0x00,0x00,0x00,0x00,0x00,0x00,0x00,0x00,0x00,0x00,0x00,0x01,0x48,0x00,0x09,
        0x00,0x00,0x00,0x00,0x00,0x10,0x00,0x03,0x00,0x00,0x00,0x00,0x00,0x00,0x00,0x02,
        0x00,0x00,0x00,0x00,0x00,0x00,0x00,0x00,0x00,0x00,0x00,0x00,0x00,0x00,0x00,0x00,
        0x00,0x00,0x00,0x20,0x14,0x60,0x00,0x14,0x00,0x00,0x00,0x00,0x00,0x10,0x00,0x18,
        0x00,0x00,0x00,0x00,0x00,0x00,0x00,0x00,0x3F,0xD1,0x80,0x38,0x20,0x00,0x00,0x00,
        0x00,0x00,0x00,0x00,0x00,0x00,0x00,0x00,0x00,0x00,0x00,0x00,0x00,0x10,0x00,0x1C,
        0x00,0x00,0x00,0x00,0x00,0x10,0x00,0x00,0x10,0x00,0x00,0x00,0x00,0x00,0x00,0x00,
        0x00,0x00,0x00,0x05,0x14,0x02,0x00,0x00,0x00,0x00,0x00,0x00,0x00,0x00,0x00,0x00,
        0x00,0x00,0x00,0x10,0x40,0x20,0x02,0x20,0x00,0x00,0x00,0x00,0x00,0x00,0x00,0x02,
        0x00,0x00,0x00,0x00,0x00,0x00,0x00,0x00,0x00,0x00,0x00,0x00,0x00,0x00,0x00,0x00,
        0x00,0x00,0x00,0x00,0x00,0x00,0x00,0x00,0x00,0x00,0x00,0x02,0x92,0x00,0x01,0x24,
        0x00,0x00,0x00,0x00,0x00,0x00,0x00,0x22,0x00,0x00,0x00,0x00,0x00,0x00,0x00,0x00,
        0x00,0x00,0x01,0x41,0x00,0x00,0x00,0x00,0x00,0x00,0x00,0x00,0x00,0x00,0x00,0x00,
        0x00,0x00,0x00,0x0C,0x40,0x00,0x00,0x40,0x00,0x00,0x00,0x00,0x00,0x00,0x05,0x06,
        0x00,0x08,0x00,0x00,0x00,0x00,0x00,0x00,0x00,0x00,0x10,0x41,0x00,0x00,0x00,0x00,
        0x00,0x00,0x00,0x00,0x00,0x00,0x00,0x00,0x00,0x00,0x00,0x05,0x10,0x00,0x03,0x74,
        0x00,0x00,0x00,0x00,0x00,0x10,0x10,0x09,0x00,0x28,0x00,0x00,0x00,0x00,0x00,0x00,
        0x00,0x00,0x85,0x04,0x00,0x00,0x00,0x00,0x00,0x00,0x00,0x00,0x00,0x00,0x00,0x00,
        0x00,0x00,0x00,0x03,0xC0,0x00,0x22,0x84,0x00,0x00,0x00,0x00,0x00,0x12,0x74,0x49,
        0x00,0x68,0x00,0x00,0x00,0x00,0x00,0x00,0x00,0x00,0xAF,0x05,0x00,0x00,0x08,0x00,
        0x00,0x00,0x00,0x00,0x00,0x00,0x00,0x00,0x00,0x00,0x00,0x01,0xE8,0x00,0x95,0x44,
        0x00,0x00,0x00,0x00,0x00,0x17,0xFB,0x18,0x91,0x68,0x00,0x00,0x00,0x00,0x00,0x00,
        0x00,0x00,0x3C,0x44,0xC0,0x00,0x00,0x01,0x00,0x00,0x00,0x00,0x00,0x00,0x00,0x00,
        0x00,0x00,0x00,0x00,0xF8,0x00,0x65,0x04,0x00,0x00,0x00,0x00,0x00,0x1B,0xAF,0x68,
        0x40,0xE0,0x00,0x00,0x00,0x00,0x00,0x00,0x00,0x09,0xFF,0x43,0xC0,0x00,0x00,0x02,
        0x00,0x00,0x00,0x00,0x00,0x00,0x00,0x00,0x00,0x00,0x00,0x00,0x3C,0x00,0x95,0x00,
        0x00,0x00,0x00,0x00,0x00,0x1F,0xFE,0xFD,0x80,0xD0,0x00,0x00,0x00,0x00,0x00,0x00,
        0x00,0x07,0xFF,0xFF,0x00,0x00,0x00,0x02,0x00,0x00,0x00,0x00,0x00,0x00,0x00,0x00,
        0x00,0x00,0x00,0x00,0x7E,0x00,0xA9,0x08,0x00,0x00,0x00,0x00,0x00,0x0E,0x77,0xFD,
        0x01,0x90,0x00,0x00,0x00,0x00,0x00,0x00,0x00,0x2F,0xFF,0xFF,0xF0,0x00,0x00,0x00,
        0x00,0x00,0x00,0x00,0x00,0x00,0x00,0x00,0x00,0x00,0x00,0x00,0x7C,0x00,0x10,0x00,
        0x00,0x00,0x00,0x00,0x00,0x0F,0xDB,0xEC,0x00,0xC0,0x00,0x00,0x00,0x00,0x00,0x00,
        0x00,0x3F,0xFF,0xFF,0x88,0x00,0x20,0x00,0x00,0x00,0x00,0x00,0x00,0x00,0x00,0x00,
        0x00,0x00,0x00,0x00,0x3D,0x80,0x41,0x10,0x00,0x00,0x00,0x00,0x00,0x07,0xFF,0xF9,
        0x03,0xA0,0x00,0x00,0x00,0x00,0x00,0x00,0x00,0xFF,0xFF,0xFF,0xF0,0x00,0x10,0x00,
        0x00,0x00,0x00,0x00,0x00,0x00,0x00,0x00,0x00,0x00,0x00,0x00,0x3E,0x00,0x80,0xC0,
        0x00,0x00,0x00,0x00,0x00,0x0F,0xEF,0xFD,0x03,0xA0,0x00,0x00,0x00,0x00,0x00,0x00,
        0x03,0xFF,0xFF,0xFF,0xE8,0x00,0x00,0x00,0x00,0x00,0x00,0x00,0x00,0x00,0x00,0x00,
        0x00,0x00,0x00,0x00,0x7C,0x40,0x02,0x00,0x00,0x00,0x00,0x00,0x00,0x07,0xFF,0x79,
        0x01,0xC0,0x00,0x00,0x00,0x00,0x00,0x00,0x07,0xFF,0xFF,0xFF,0xF0,0x00,0x00,0x00,
        0x00,0x00,0x00,0x00,0x00,0x00,0x00,0x00,0x00,0x00,0x00,0x00,0x76,0x00,0x00,0x00,
        0x00,0x00,0x00,0x00,0x00,0x07,0xFA,0xF4,0x01,0x80,0x00,0x00,0x00,0x00,0x00,0x00,
        0x07,0xFF,0xFF,0xFF,0xF8,0x00,0x00,0x00,0x00,0x00,0x00,0x00,0x00,0x00,0x00,0x00,
        0x00,0x00,0x00,0x00,0x2C,0x80,0x08,0x00,0x00,0x00,0x00,0x00,0x00,0x07,0xFF,0xF8,
        0x00,0x00,0x00,0x00,0x00,0x00,0x00,0x00,0x07,0xFF,0xFF,0xFF,0xFF,0x00,0x00,0x00,
        0x00,0x00,0x00,0x00,0x00,0x00,0x00,0x00,0x00,0x00,0x00,0x00,0x5E,0x08,0x00,0x00,
        0x00,0x00,0x00,0x00,0x00,0x07,0xFE,0xF0,0x00,0x00,0x00,0x00,0x00,0x00,0x00,0x00,
        0x03,0xFF,0xFF,0xFF,0xFE,0x00,0x00,0x00,0x00,0x00,0x00,0x00,0x00,0x00,0x00,0x00,
        0x00,0x00,0x00,0x00,0x7E,0x20,0x08,0x00,0x00,0x00,0x00,0x00,0x00,0x03,0xFF,0xF0,
        0x00,0x00,0x00,0x00,0x00,0x00,0x00,0x00,0x03,0xFF,0xFF,0xFF,0xFE,0x80,0x00,0x00,
        0x00,0x00,0x00,0x00,0x00,0x00,0x00,0x00,0x00,0x00,0x00,0x00,0xBC,0x42,0x10,0x00,
        0x00,0x00,0x00,0x00,0x00,0x01,0xFB,0xF0,0x00,0x00,0x00,0x00,0x00,0x00,0x00,0x00,
        0x01,0xFF,0xFF,0xFF,0xFB,0x00,0x00,0x00,0x00,0x00,0x00,0x00,0x00,0x00,0x00,0x00,
        0x00,0x00,0x00,0x00,0x2F,0xC8,0x00,0x00,0x00,0x00,0x00,0x00,0x00,0x00,0xFF,0xE0,
        0x00,0x00,0x00,0x00,0x00,0x00,0x00,0x00,0x01,0xFF,0xFF,0xFF,0xF1,0x00,0x00,0x00,
        0x00,0x00,0x00,0x00,0x00,0x00,0x00,0x00,0x00,0x00,0x00,0x00,0xBB,0x80,0x00,0x00,
        0x00,0x00,0x00,0x00,0x00,0x00,0xFF,0xC0,0x00,0x00,0x00,0x00,0x00,0x00,0x00,0x00,
        0x00,0xFF,0xC5,0xFF,0xFF,0x00,0x00,0x00,0x00,0x00,0x00,0x00,0x00,0x00,0x00,0x00,
        0x00,0x00,0x00,0x00,0xBF,0x44,0x00,0x00,0x00,0x00,0x00,0x00,0x00,0x00,0x7E,0x80,
        0x00,0x00,0x00,0x00,0x00,0x00,0x00,0x00,0x02,0x46,0x01,0xDF,0xE6,0x00,0x00,0x00,
        0x00,0x00,0x00,0x00,0x00,0x00,0x00,0x00,0x00,0x00,0x00,0x00,0x2A,0x08,0x00,0x00,
        0x00,0x00,0x00,0x00,0x00,0x00,0x00,0x00,0x00,0x00,0x00,0x00,0x00,0x00,0x00,0x00,
        0x03,0x00,0x00,0x8F,0xF8,0x00,0x00,0x00,0x00,0x00,0x00,0x00,0x00,0x00,0x00,0x00,
        0x00,0x00,0x00,0x01,0x3F,0x40,0x00,0x00,0x00,0x00,0x00,0x00,0x00,0x00,0x00,0x00,
        0x00,0x00,0x00,0x00,0x00,0x00,0x00,0x00,0x00,0x00,0x00,0x7F,0xD4,0x00,0x00,0x00,
        0x00,0x00,0x00,0x00,0x00,0x00,0x00,0x00,0x00,0x00,0x00,0x01,0x35,0x64,0x00,0x00,
        0x00,0x00,0x00,0x00,0x00,0x00,0x00,0x00,0x00,0x00,0x00,0x00,0x00,0x00,0x00,0x00,
        0x00,0x00,0x00,0x01,0x30,0x00,0x00,0x30,0x00,0x00,0x00,0x00,0x00,0x00,0x00,0x00,
        0x00,0x00,0x00,0x03,0x77,0x80,0x00,0x00,0x00,0x00,0x00,0x00,0x00,0x00,0x00,0x00,
        0x00,0x00,0x00,0x00,0x00,0x00,0x00,0x00,0x00,0x00,0x00,0x08,0x78,0x00,0x00,0x06,
        0x00,0x00,0x00,0x00,0x00,0x00,0x00,0x00,0x00,0x00,0x00,0x00,0x3B,0x30,0x00,0x00,
        0x00,0x00,0x00,0x00,0x00,0x00,0x00,0x00,0x00,0x00,0x00,0x00,0x00,0x00,0x00,0x00,
        0x00,0x00,0x00,0x01,0x60,0x00,0x00,0x08,0x00,0x00,0x00,0x00,0x00,0x00,0x00,0x00,
        0x00,0x00,0x00,0x03,0x1E,0x00,0x00,0x00,0x00,0x00,0x00,0x00,0x00,0x00,0x00,0x00,
        0x00,0x00,0x00,0x00,0x00,0x00,0x00,0x00,0x00,0x00,0x00,0x00,0x00,0x00,0x00,0x10,
        0x00,0x00,0x00,0x00,0x00,0x00,0x00,0x00,0x00,0x00,0x00,0x02,0x3D,0x00,0x00,0x00,
        0x00,0x00,0x00,0x00,0x00,0x00,0x00,0x00,0x00,0x00,0x00,0x00,0x00,0x00,0x00,0x00,
        0x00,0x00,0x00,0x00,0xF0,0x00,0x00,0x38,0x00,0x00,0x00,0x00,0x00,0x00,0x00,0x00,
        0x00,0x00,0x00,0x03,0x3E,0x00,0x00,0x00,0x00,0x00,0x00,0x00,0x00,0x00,0x00,0x00,
        0x00,0x00,0x00,0x00,0x00,0x00,0x00,0x00,0x00,0x00,0x00,0x00,0x50,0x00,0x00,0xA0,
        0x00,0x00,0x00,0x00,0x00,0x00,0x00,0x00,0x00,0x00,0x00,0x00,0x7C,0x00,0x00,0x00,
        0x00,0x00,0x00,0x00,0x00,0x00,0x00,0x00,0x00,0x00,0x00,0x00,0x00,0x00,0x00,0x00,
        0x00,0x00,0x00,0x00,0x20,0x00,0x00,0x40,0x00,0x00,0x00,0x00,0x00,0x00,0x00,0x00,
        0x00,0x00,0x00,0x02,0x38,0x00,0x00,0x00,0x00,0x00,0x00,0x00,0x00,0x00,0x00,0x00,
        0x00,0x00,0x00,0x00,0x00,0x00,0x00,0x00,0x00,0x00,0x00,0x00,0x00,0x00,0x02,0x80,
        0x00,0x00,0x00,0x00,0x00,0x00,0x00,0x00,0x00,0x00,0x00,0x06,0x70,0x00,0x00,0x00,
        0x00,0x00,0x00,0x00,0x00,0x00,0x00,0x00,0x00,0x00,0x00,0x00,0x00,0x00,0x00,0x00,
        0x00,0x00,0x00,0x00,0x00,0x00,0x08,0x00,0x00,0x00,0x00,0x00,0x00,0x00,0x00,0x00,
        0x00,0x00,0x00,0x04,0x30,0x00,0x00,0x00,0x00,0x00,0x00,0x00,0x00,0x00,0x00,0x00,
        0x00,0x00,0x00,0x00,0x00,0x00,0x00,0x00,0x00,0x00,0x00,0x00,0x00,0x00,0x06,0x00,
        0x00,0x00,0x00,0x00,0x00,0x00,0x00,0x00,0x00,0x00,0x00,0x04,0x78,0x00,0x00,0x00,
        0x00,0x00,0x00,0x00,0x00,0x00,0x00,0x00,0x00,0x00,0x00,0x00,0x00,0x00,0x00,0x00,
        0x00,0x00,0x00,0x00,0x00,0x00,0x00,0x00,0x00,0x00,0x00,0x00,0x00,0x00,0x00,0x00,
        0x00,0x00,0x00,0x00,0x78,0x00,0x00,0x00,0x00,0x00,0x00,0x00,0x00,0x00,0x00,0x00,
        0x00,0x00,0x00,0x00,0x00,0x00,0x00,0x00,0x00,0x00,0x00,0x00,0x00,0x00,0x00,0x00,
        0x00,0x00,0x00,0x00,0x00,0x00,0x00,0x00,0x00,0x00,0x00,0x00,0xF0,0x00,0x00,0x00,
        0x00,0x00,0x00,0x00,0x00,0x00,0x00,0x00,0x00,0x00,0x00,0x00,0x00,0x00,0x00,0x00,
        0x00,0x00,0x00,0x00,0x00,0x00,0x00,0x00,0x00,0x00,0x00,0x00,0x00,0x00,0x00,0x00,
        0x00,0x00,0x00,0x04,0x40,0x30,0x00,0x00,0x00,0x00,0x00,0x00,0x00,0x00,0x00,0x00,
        0x00,0x00,0x00,0x00,0x00,0x00,0x00,0x00,0x00,0x00,0x00,0x00,0x00,0x00,0x00,0x00,
        0x00,0x00,0x00,0x00,0x00,0x00,0x00,0x00,0x00,0x00,0x00,0x05,0x90,0x30,0x00,0x00,
        0x00,0x00,0x00,0x00,0x00,0x00,0x00,0x00,0x00,0x00,0x00,0x00,0x00,0x00,0x00,0x00,
        0x00,0x00,0x00,0x00,0x00,0x00,0x00,0x00,0x00,0x00,0x00,0x00,0x00,0x00,0x00,0x00,
        0x00,0x00,0x00,0x02,0x50,0x00,0x00,0x00,0x00,0x00,0x00,0x00,0x00,0x00,0x00,0x00,
        0x00,0x00,0x00,0x00,0x00,0x00,0x00,0x00,0x00,0x00,0x00,0x00,0x00,0x00,0x00,0x00,
        0x00,0x00,0x00,0x00,0x00,0x00,0x00,0x00,0x00,0x00,0x00,0x00,0x04,0x00,0x00,0x00,
        0x00,0x00,0x00,0x00,0x00,0x00,0x00,0x00,0x00,0x00,0x00,0x00,0x00,0x00,0x00,0x00,
        0x00,0x00,0x00,0x00,0x00,0x00,0x00,0x00,0x00,0x00,0x00,0x00,0x00,0x00,0x00,0x00,
        0x00,0x00,0x00,0x00,0x20,0x00,0x00,0x00,0x00,0x00,0x00,0x00,0x00,0x00,0x00,0x00,
        0x00,0x00,0x00,0x00,0x00,0x00,0x00,0x00,0x00,0x00,0x00,0x00,0x00,0x00,0x00,0x00,
        0x00,0x00,0x00,0x00,0x00,0x00,0x00,0x00,0x00,0x00,0x00,0x00,0x00,0x00,0x00,0x00,
        0x00,0x00,0x00,0x00,0x00,0x00,0x00,0x00,0x00,0x00,0x00,0x00,0x00,0x00,0x00,0x00,
        0x00,0x00,0x00,0x00,0x00,0x00,0x00,0x00,0x00,0x00,0x00,0x00,0x00,0x00,0x00,0x00,
        0x00,0x00,0x00,0x00,0x00,0x00,0x00,0x00,0x00,0x00,0x00,0x00,0x00,0x00,0x00,0x00,
        0x00,0x00,0x00,0x00,0x00,0x00,0x00,0x00,0x00,0x00,0x00,0x00,0x00,0x00,0x00,0x00,
        0x00,0x00,0x00,0x00,0x00,0x00,0x00,0x00,0x00,0x00,0x00,0x00,0x00,0x00,0x00,0x00,
        0x00,0x00,0x00,0x00,0x00,0x00,0x00,0x00,0x00,0x00,0x00,0x00,0x00,0x00,0x00,0x00,
        0x00,0x00,0x00,0x00,0x00,0x00,0x00,0x00,0x00,0x00,0x00,0x00,0x00,0x00,0x00,0x00,
        0x00,0x00,0x00,0x00,0x00,0x00,0x00,0x00,0x00,0x00,0x00,0x00,0x00,0x00,0x00,0x00,
        0x00,0x00,0x00,0x00,0x00,0x00,0x00,0x00,0x00,0x00,0x00,0x00,0x00,0x00,0x00,0x00,
        0x00,0x00,0x00,0x00,0x00,0x00,0x00,0x00,0x00,0x00,0x00,0x00,0x00,0x00,0x00,0x00,
        0x00,0x00,0x00,0x00,0x00,0x00,0x00,0x00,0x00,0x00,0x00,0x00,0x00,0x00,0x00,0x00,
        0x00,0x00,0x00,0x00,0x00,0x00,0x00,0x00,0x00,0x00,0x00,0x00,0x00,0x00,0x00,0x00,
        0x00,0x00,0x00,0x00,0x00,0x00,0x00,0x00,0x00,0x00,0x00,0x00,0x00,0x00,0x00,0x00,
        0x00,0x00,0x00,0x00,0x00,0x00,0x00,0x00,0x00,0x00,0x00,0x00,0x00,0x00,0x00,0x00,
        0x00,0x00,0x00,0x00,0x00,0x00,0x00,0x00,0x00,0x00,0x00,0x00,0x00,0x00,0x00,0x00,
        0x00,0x00,0x00,0x00,0x00,0x00,0x00,0x00,0x00,0x00,0x00,0x00,0x00,0x00,0x00,0x00,
        0x00,0x00,0x00,0x00,0x00,0x00,0x00,0x00,0x00,0x00,0x00,0x00,0x00,0x00,0x00,0x00,
        0x00,0x00,0x00,0x00,0x00,0x00,0x00,0x00,0x00,0x00,0x00,0x00,0x00,0x00,0x00,0x00,
        0x00,0x00,0x00,0x00,0x00,0x00,0x00,0x00,0x00,0x00,0x00,0x00,0x00,0x00,0x00,0x00,
        0x00,0x00,0x00,0x00,0x00,0x00,0x00,0x00,0x00,0x00,0x00,0x00,0x00,0x00,0x00,0x00,
        0x00,0x00,0x00,0x00,0x00,0x00,0x00,0x00,0x00,0x04,0x00,0x00,0x00,0x00,0x00,0x00,
        0x00,0x00,0x00,0x00,0x00,0x00,0x00,0x00,0x00,0x00,0x00,0x00,0x00,0x00,0x00,0x00,
        0x00,0x00,0x00,0x00,0x00,0x00,0x00,0x00,0x00,0x00,0x00,0x00,0x00,0x00,0x00,0x00,
        0x00,0x08,0x00,0x00,0x00,0x00,0x00,0x00,0x00,0x00,0x00,0x00,0x80,0x00,0x00,0x00,
        0x00,0x00,0x00,0x00,0x00,0x00,0x00,0x00,0x00,0x00,0x00,0x00,0x00,0x00,0x00,0x00,
        0x00,0x00,0x00,0x00,0x00,0x00,0x00,0x00,0x00,0x00,0x00,0x00,0x00,0x00,0x00,0x00,
        0x00,0x00,0x00,0x00,0x00,0x00,0x00,0x00,0x00,0x00,0x00,0x00,0x00,0x00,0x00,0x00,
        0x00,0x00,0x00,0x00,0x00,0x00,0x00,0x00,0x00,0x00,0x00,0x00,0x00,0x00,0x00,0x00,
        0x00,0x00,0x00,0x00,0x40,0x00,0x00,0x00,0x00,0x00,0x00,0x00,0x00,0x00,0x00,0x00,
        0x00,0x00,0x00,0x00,0x00,0x00,0x00,0x00,0x00,0x00,0x00,0x00,0x00,0x00,0x00,0x00,
        0x00,0x00,0x00,0x00,0x00,0x00,0x00,0x00,0x00,0x00,0x00,0x80,0x00,0xA8,0x00,0x00,
        0x00,0x00,0x00,0x00,0x00,0x00,0x00,0x00,0x00,0x00,0x00,0x00,0x00,0x00,0x00,0x00,
        0x00,0x00,0x00,0x00,0x00,0x00,0x00,0x00,0x00,0x00,0x00,0x00,0x00,0x00,0x00,0x00,
        0x00,0x00,0x02,0xC1,0x00,0x02,0x80,0x00,0x00,0x00,0x00,0x00,0x00,0x00,0x02,0x00,
        0x00,0x00,0x00,0x00,0x00,0x00,0x00,0x00,0x00,0x00,0x00,0x00,0x00,0x00,0x00,0x00,
        0x00,0x00,0x00,0x00,0x00,0x00,0x00,0x20,0x00,0x00,0x70,0x3C,0x00,0x00,0x00,0x00,
        0x00,0x00,0x1C,0x80,0x00,0x00,0x00,0x00,0x00,0x00,0x00,0x00,0x00,0x00,0x00,0x00,
        0x00,0x00,0x00,0x00,0x00,0x00,0x00,0x00,0x00,0x00,0x00,0x00,0x00,0x00,0x03,0xA0,
        0x00,0x01,0x48,0x00,0x00,0x01,0x00,0x00,0x00,0x00,0x12,0x00,0x00,0x00,0x00,0x00,
        0x00,0x00,0x00,0x00,0x00,0x00,0x00,0x00,0x00,0x00,0x00,0x00,0x04,0x00,0x00,0x00,
        0x00,0x00,0x00,0x0F,0x00,0x00,0x02,0xD8,0x00,0x04,0x04,0x00,0x00,0x04,0x54,0x00,
        0x00,0x00,0xDD,0x00,0x00,0x00,0x80,0x00,0x00,0x00,0x00,0x00,0x00,0x00,0x00,0x00,
        0x00,0x00,0x00,0x00,0x10,0x00,0x00,0x00,0x00,0x00,0x00,0x00,0x40,0x00,0x08,0x14,
        0x00,0x00,0x02,0x00,0x00,0x1C,0x80,0x00,0x00,0x01,0x40,0x00,0x00,0x00,0x00,0x00,
        0x00,0x00,0x00,0x00,0x00,0x00,0x00,0x00,0x00,0x12,0x00,0x00,0x01,0x00,0x00,0x00,
        0x00,0x00,0x00,0x04,0x3A,0x00,0x01,0x00,0x00,0x00,0xBC,0x80,0x00,0x42,0x04,0x00,
        0x40,0x3E,0x81,0x00,0x00,0x00,0x00,0x00,0x24,0x00,0x00,0x00,0x00,0x00,0x00,0x02,
        0x40,0x28,0x00,0x00,0x00,0x94,0x40,0x00,0x00,0x00,0x00,0x0A,0x00,0x00,0x00,0x2F,
        0xC0,0x00,0x00,0x40,0x00,0x80,0x4A,0xB5,0x91,0xC3,0x10,0x2A,0x00,0x00,0x00,0x00,
        0x00,0x00,0x00,0x00,0x00,0x00,0x00,0x04,0x99,0x03,0x80,0x00,0x84,0x00,0x04,0x00,
        0x00,0x00,0x00,0x04,0x84,0x28,0x02,0xD5,0x51,0x49,0x50,0x80,0x00,0x2B,0x2A,0x4A,
        0x4A,0x00,0x41,0x40,0x81,0x00,0x00,0x00,0x00,0x00,0x00,0x00,0x00,0x00,0x00,0x00,
        0x22,0x45,0x68,0x40,0x08,0x84,0x80,0x00,0x00,0x00,0x00,0x1A,0x14,0x00,0x05,0x54,
        0x8A,0x24,0x4A,0x55,0x4A,0x84,0xA1,0x20,0x04,0x18,0x00,0x04,0x00,0x00,0x00,0x00,
        0x00,0x00,0x00,0x02,0x40,0x00,0x00,0x00,0x00,0x8A,0xA0,0x00,0x20,0x00,0x00,0x00,
        0x00,0x00,0x00,0x02,0x00,0x00,0x00,0x00,0x51,0x93,0x01,0x24,0x11,0x54,0x80,0x4B,
        0x50,0x00,0x02,0x00,0x00,0x00,0x00,0x00,0x00,0x00,0x00,0x00,0x10,0x00,0x00,0x00,
        0x21,0x18,0x00,0x00,0x00,0x00,0x00,0x00,0x00,0x00,0x00,0x3C,0x00,0x00,0x00,0x02,
        0x94,0x54,0x40,0x02,0xA5,0x50,0x11,0x24,0x00,0x00,0x20,0x00,0x80,0x00,0x00,0x00,
        0x00,0x00,0x00,0x00,0x00,0x00,0x00,0x00,0x02,0x20,0x00,0x00,0x00,0x00,0x00,0x00,
        0x00,0x00,0x00,0x00,0x00,0x00,0x00,0x09,0x4A,0x91,0x2A,0xA8,0x00,0x02,0x00,0x00,
        0x00,0x20,0x00,0x08,0x00,0x00,0x00,0x00,0x00,0x00,0x00,0x00,0x00,0x00,0x00,0x00,
        0x00,0x40,0x00,0x00,0x00,0x00,0x00,0x00,0x00,0x00,0x00,0x00,0x00,0x00,0x00,0x24,
        0x95,0x48,0x00,0x00,0x00,0x00,0x08,0x80,0x00,0x00,0x00,0x00,0x88,0x00,0x00,0x00,
        0x00,0x00,0x00,0x00,0x00,0x00,0x00,0x00,0x00,0x00,0x00,0x00,0x00,0x00,0x00,0x00,
        0x00,0x00,0x00,0x00,0x00,0x05,0x5A,0x92,0x91,0x25,0x44,0x00,0x00,0x00,0x00,0x01,
        0x00,0x00,0x00,0x00,0x10,0x00,0x00,0x00,0x00,0x00,0x00,0x00,0x00,0x00,0x00,0x00,
        0x00,0x00,0x00,0x00,0x00,0x00,0x00,0x00,0x00,0x00,0x00,0x00,0x00,0x00,0x00,0x48,
        0x26,0x54,0x00,0x00,0x00,0x00,0x00,0x28,0x50,0x00,0x00,0x02,0x41,0x40,0x00,0x00,
        0x00,0x00,0x00,0x00,0x00,0x00,0x00,0x00,0x00,0x00,0x00,0x00,0x00,0x00,0x00,0x00,
        0x00,0x00,0x00,0x00,0x00,0x00,0x00,0x00,0x00,0x00,0x00,0x00,0x00,0x00,0x00,0x00,
        0x00,0x00,0x00,0x10,0x04,0x00,0x00,0x00,0x00,0x00,0x00,0x00,0x00,0x00,0x00,0x00,
        0x00,0x00,0x00,0x00,0x00,0x00,0x00,0x00,0x00,0x00,0x00,0x00,0x00,0x00,0x00,0x00,
        0x00,0x00,0x00,0x00,0x00,0x00,0x00,0x00,0x00,0x00,0x00,0x00,0x00,0x00,0x00,0x00,
    },
    {
        0x00,0x00,0x00,0x00,0x00,0x00,0x00,0x00,0x00,0x00,0x00,0x00,0x00,0x00,0x00,0x00,
        0x00,0x00,0x00,0x00,0x00,0x00,0x00,0x00,0x00,0x00,0x00,0x00,0x00,0x00,0x00,0x00,
        0x00,0x00,0x00,0x00,0x00,0x00,0x00,0x00,0x00,0x00,0x00,0x00,0x00,0x00,0x00,0x00,
        0x00,0x00,0x00,0x00,0x00,0x00,0x00,0x00,0x00,0x00,0x00,0x00,0x00,0x00,0x00,0x00,
        0x00,0x00,0x00,0x00,0x00,0x00,0x00,0x00,0x00,0x00,0x00,0x00,0x00,0x00,0x00,0x00,
        0x00,0x00,0x00,0x00,0x00,0x00,0x00,0x00,0x00,0x00,0x00,0x00,0x00,0x00,0x00,0x00,
        0x00,0x00,0x00,0x00,0x00,0x00,0x00,0x00,0x00,0x00,0x00,0x00,0x00,0x00,0x00,0x00,
        0x00,0x00,0x00,0x00,0x00,0x00,0x00,0x00,0x00,0x00,0x00,0x00,0x00,0x00,0x00,0x00,
        0x00,0x00,0x00,0x00,0x00,0x00,0x00,0x00,0x00,0x00,0x00,0x00,0x00,0x00,0x00,0x00,
        0x00,0x00,0x00,0x00,0x00,0x00,0x00,0x00,0x00,0x00,0x00,0x00,0x00,0x00,0x00,0x00,
        0x00,0x00,0x00,0x00,0x00,0x00,0x00,0x00,0x00,0x00,0x00,0x00,0x00,0x00,0x00,0x00,
        0x00,0x00,0x00,0x00,0x00,0x00,0x00,0x00,0x00,0x00,0x00,0x00,0x00,0x00,0x00,0x00,
        0x00,0x00,0x00,0x00,0x00,0x00,0x00,0x00,0x00,0x00,0x00,0x00,0x00,0x00,0x00,0x00,
        0x00,0x00,0x00,0x00,0x00,0x00,0x00,0x00,0x80,0x00,0x00,0x00,0x00,0x00,0x00,0x00,
        0x00,0x00,0x00,0x00,0x00,0x00,0x00,0x00,0x00,0x00,0x00,0x00,0x00,0x00,0x00,0x00,
        0x00,0x00,0x00,0x00,0x00,0x00,0x00,0x00,0x00,0x00,0x03,0xFF,0xFF,0x00,0x17,0xFF,
        0xFF,0xE0,0x00,0x00,0x00,0x00,0x00,0x00,0x00,0x00,0x00,0x00,0x00,0x00,0x00,0x00,
        0x00,0x00,0x00,0x00,0x00,0x00,0x00,0x00,0x00,0x00,0x00,0x00,0x00,0x00,0x00,0x00,
        0x00,0x01,0xFF,0xFF,0xFF,0xFF,0xFF,0xFF,0xFF,0xFF,0xF0,0x00,0x00,0x00,0x00,0x00,
        0x00,0x00,0x20,0x00,0x00,0x00,0x00,0x00,0x00,0x00,0x00,0x00,0x00,0x00,0x00,0x00,
        0x00,0x00,0x00,0x00,0x00,0x00,0x00,0x00,0x00,0x3F,0xFF,0xFF,0xEF,0xFF,0xFF,0xFF,
        0xFF,0xFF,0xC0,0x00,0x00,0x00,0x5C,0x00,0x00,0x78,0x76,0x80,0x00,0x00,0x3E,0x00,
        0x00,0x00,0x00,0x00,0x00,0x00,0x00,0x00,0x00,0x00,0x00,0x00,0x00,0x00,0x00,0x00,
        0x1C,0x1F,0xFF,0xFC,0x0F,0xFF,0xFF,0xFF,0xFF,0xFE,0x00,0x00,0x00,0x7F,0xFE,0x00,
        0x00,0x00,0x00,0x00,0x00,0x00,0x3F,0xB8,0x00,0x00,0x00,0x00,0x00,0x00,0x00,0x00,
        0x00,0x00,0x00,0x00,0x00,0x00,0x00,0x1E,0x2F,0x63,0x3F,0xF9,0xFF,0xFF,0xFF,0xFF,
        0xFF,0xFC,0x00,0x00,0x00,0x1F,0xB0,0x00,0x00,0x00,0x00,0x00,0x00,0x00,0x00,0x7C,
        0x00,0x00,0x00,0x00,0x00,0x00,0x00,0x00,0x00,0x00,0x00,0x00,0x00,0x00,0x0F,0x80,
        0x00,0x39,0x3F,0xE0,0x7F,0xFF,0xFF,0xFF,0xFF,0xFE,0x00,0x00,0x00,0x07,0x08,0x00,
        0x00,0x00,0x00,0x18,0x00,0x00,0x00,0x3F,0x00,0x00,0x00,0x00,0x00,0x00,0x00,0x00,
        0x00,0x00,0x00,0x00,0x00,0x00,0x1B,0xFB,0xDF,0xDF,0xFF,0x80,0x1C,0x7F,0xFF,0xFF,
        0xFF,0xFC,0x00,0x00,0x00,0x00,0x00,0x00,0x00,0x00,0x0F,0xF8,0x00,0x00,0x7F,0xFF,
        0xF8,0x00,0x00,0x3F,0x80,0x00,0x00,0x00,0x00,0x00,0x00,0x00,0x00,0x00,0x00,0xFF,
        0xC1,0x3B,0xFF,0x80,0x00,0x07,0xFF,0xFF,0xFF,0xFE,0x00,0x00,0x00,0x00,0x00,0x00,
        0x00,0x00,0x7C,0x00,0x00,0x0F,0xFF,0xFF,0xF8,0x00,0x00,0x3D,0x38,0x00,0x00,0x00,
        0x00,0x00,0x00,0x00,0x00,0x00,0x7F,0x80,0x63,0xDE,0x72,0x60,0x00,0x03,0xFF,0xFF,
        0xFF,0xFC,0x00,0x00,0x00,0x00,0x00,0x00,0x00,0x00,0xE0,0x00,0x00,0xFF,0xFF,0xFF,
        0xFF,0xC7,0xE0,0x06,0x00,0x00,0x00,0x00,0x00,0x00,0x00,0x00,0x00,0x00,0xFF,0xFF,
        0xE7,0xFC,0xFF,0xF8,0x00,0x03,0xFF,0xFF,0xFF,0xF0,0x00,0x00,0x00,0x00,0x00,0x00,
        0x00,0x03,0xC0,0x07,0xBE,0xFF,0xFF,0xFF,0xFF,0xFF,0xF0,0x0F,0xD0,0x00,0x00,0x00,
        0xC0,0x00,0x04,0x00,0x00,0x00,0x79,0xFF,0xE1,0xB8,0xFF,0xFF,0x80,0x01,0xFF,0xFF,
        0xFF,0xF8,0x00,0x00,0x00,0x00,0x00,0x00,0x00,0x03,0xC0,0x1F,0xFF,0xFF,0xFF,0xFF,
        0xFF,0xFF,0xF7,0xFF,0xFE,0x00,0x00,0x01,0x00,0x01,0xFF,0xFF,0x80,0x1E,0x00,0xFF,
        0xFC,0x3C,0x7F,0xFF,0xF0,0x01,0xFF,0xFF,0xFF,0xF0,0x00,0x00,0x00,0x00,0x5F,0xE0,
        0x00,0x00,0x48,0x1F,0xFF,0xFF,0xFF,0xFF,0xFF,0xFF,0xFF,0xFF,0xFF,0xFC,0x00,0x00,
        0x00,0x0F,0xFF,0xFF,0xFF,0xFF,0xFE,0xFF,0xFC,0xEF,0x8F,0x5F,0xF0,0x00,0xBF,0xFF,
        0xFF,0xC0,0x00,0x00,0x00,0x07,0xFF,0xFF,0x80,0x18,0x0F,0xCF,0xFF,0xFF,0xFF,0xFF,
        0xFF,0xFF,0xFF,0xFF,0xFF,0xFF,0xFF,0xFF,0xF0,0x0F,0xFF,0xFF,0xFF,0xFF,0xFF,0xCA,
        0xF7,0xFF,0xFF,0x5F,0xFC,0x00,0xFF,0xFF,0xFC,0x00,0x00,0x00,0x00,0x07,0xFF,0xFF,
        0xF1,0xDF,0xFF,0xFF,0xBF,0xFF,0xFF,0xFF,0xFF,0xFF,0xFF,0xFF,0xFF,0xFF,0xFF,0xFF,
        0xFF,0x03,0xFF,0xFF,0xFF,0xFF,0xFF,0xFF,0xFF,0xFF,0xF5,0x3B,0xFF,0x80,0xFF,0xFF,
        0xC0,0x00,0x00,0x00,0x00,0x0F,0xFF,0xFF,0xF9,0xFF,0xFF,0xFF,0xFF,0xFF,0xFF,0xFF,
        0xFF,0xFF,0xFF,0xFF,0xFF,0xFF,0xFF,0xFF,0xFF,0x9F,0xFF,0xFF,0xFF,0xFF,0xE3,0xFF,
        0xFF,0xFF,0xF8,0x3F,0xFB,0x80,0x7F,0xFF,0x00,0x1F,0xF0,0x00,0x00,0x1F,0xFF,0xFE,
        0x5F,0xFF,0xFF,0xFF,0xFF,0xFF,0xFF,0xFF,0xFF,0xFF,0xFF,0xFF,0xFF,0xFF,0xFF,0xFF,
        0x0E,0x0F,0x7F,0xFF,0xFF,0xFF,0xFF,0xFF,0xFF,0xFF,0xDE,0x3F,0xFC,0x00,0x7F,0xF0,
        0x00,0x0F,0xF0,0x00,0x00,0x7F,0xE3,0xFF,0x7F,0xFF,0xFF,0xFF,0xFF,0xFF,0xFF,0xFF,
        0xFF,0xFF,0xFF,0xFF,0xFF,0xFF,0xFF,0xFF,0x00,0x85,0xFF,0xFF,0xFF,0xFF,0xFF,0xFF,
        0xFB,0xFE,0x1D,0x00,0xFE,0x00,0x3F,0xF0,0x00,0x07,0x80,0x00,0x01,0xFF,0xDF,0xFF,
        0xFF,0xFF,0xFF,0xFF,0xFF,0xFF,0xFF,0xFF,0xFF,0xFF,0xFF,0xFF,0xFF,0xFF,0xFF,0xFE,
        0x00,0x0F,0xFF,0xFF,0xFF,0xFF,0xFF,0xFF,0xFF,0xFC,0x02,0x3E,0x34,0x00,0x1F,0xE0,
        0x00,0x00,0x00,0x00,0x07,0xFF,0x1F,0xFF,0xFF,0xFF,0xFF,0xFF,0xFF,0xFF,0xFF,0xFF,
        0xFF,0xFF,0xFF,0xFF,0xFF,0xFF,0xFF,0xFB,0x00,0x0F,0xFF,0xFF,0xFF,0xFF,0xFF,0xFF,
        0xFF,0xF8,0x00,0x1F,0x80,0x00,0x0F,0xC0,0x00,0x00,0x00,0x00,0x0F,0xFF,0x1F,0xEF,
        0xFF,0xFF,0xFF,0xFF,0xFF,0xFF,0xFF,0xFF,0xFF,0xFF,0xFF,0xFF,0xFF,0xE3,0x7F,0xC0,
        0x00,0x1F,0xFF,0xF3,0xFF,0xFF,0xFF,0xFF,0xFF,0xF0,0x00,0x1F,0xC2,0x00,0x01,0xC0,
        0x00,0x00,0x00,0x00,0x0F,0xFF,0xBF,0xFF,0xFF,0xFF,0xFF,0xFF,0xFF,0xFF,0xFF,0xFF,
        0xFF,0xFF,0xFF,0xFF,0xFF,0xC1,0xFB,0x00,0x00,0x01,0xFF,0x40,0x07,0xFF,0xFF,0xFF,
        0xFF,0xF8,0x00,0x3F,0xE7,0x00,0x00,0x00,0x00,0x00,0x00,0x00,0x07,0xFF,0x8F,0xFF,
        0xFF,0xFF,0xFF,0xFF,0xFF,0xFF,0xFF,0xFF,0xFF,0xFF,0xFF,0xFE,0xA3,0x83,0x80,0x00,
        0x00,0x00,0x1F,0x80,0x03,0xFF,0xFF,0xFF,0xFF,0xFC,0x00,0x1F,0xFF,0x80,0x00,0x00,
        0x00,0x00,0x00,0x7C,0x02,0x3E,0x17,0xFF,0xFF,0xFF,0xFF,0xFF,0xFF,0xFF,0xFF,0xFF,
        0xFF,0xFF,0xFF,0xF8,0x00,0x0F,0x80,0x00,0x00,0x00,0x39,0x00,0x01,0xFF,0xFF,0xFF,
        0xFF,0xFF,0xC0,0x0F,0xFF,0xC0,0x00,0x00,0x00,0x00,0x00,0x3C,0x01,0xDE,0x1F,0xFF,
        0xFF,0xFF,0xFF,0xFF,0xFF,0xFF,0xFF,0xFF,0xFF,0xFF,0xFF,0xE0,0x00,0x1F,0x80,0x00,
        0x00,0x01,0xE0,0x00,0x00,0x7F,0xFF,0xFF,0xFF,0xFF,0xF0,0x1F,0xFF,0xE0,0x00,0x00,
        0x00,0x00,0x00,0x3E,0x01,0xF8,0x3F,0xFF,0xFF,0xFF,0xFF,0xFF,0xFF,0xFF,0xFF,0xFF,
        0xFF,0xFF,0xFF,0xC0,0x00,0x3F,0x00,0x00,0x00,0x02,0x00,0x00,0x00,0x2F,0xFF,0xFF,
        0xFF,0xFF,0xFE,0x7F,0xFF,0xF8,0x00,0x00,0x00,0x00,0x00,0xEF,0x01,0xF3,0xFF,0xFF,
        0xFF,0xFF,0xFF,0xFF,0xFF,0xFF,0xFF,0xFF,0xFF,0xFF,0xFF,0xC0,0x00,0x3F,0x00,0x00,
        0x00,0x10,0x00,0x00,0x00,0x2F,0xFF,0xFF,0xFF,0xFF,0xFF,0x7F,0xFF,0xFC,0x00,0x00,
        0x00,0x00,0x01,0xEF,0x8F,0xFF,0xFF,0xFF,0xFF,0xFF,0xFF,0xFF,0xFF,0xFF,0xFF,0xFF,
        0x7F,0xFF,0xFF,0xFF,0x00,0x3C,0x00,0x00,0x00,0x00,0x00,0x00,0x00,0x07,0xFF,0xFF,
        0xFF,0xFF,0xFF,0x3F,0xFF,0xFE,0x00,0x00,0x00,0x00,0x01,0xEF,0xCF,0xFF,0xFF,0xFF,
        0xFF,0xFF,0xFF,0xFF,0xFF,0xFF,0xFF,0xFF,0xFF,0xFF,0xFF,0xFF,0x00,0x18,0x00,0x00,
        0x00,0x00,0x00,0x00,0x00,0x03,0xFF,0xFF,0xFF,0xFF,0xFF,0xFF,0xFF,0xFC,0x00,0x00,
        0x00,0x00,0x01,0x1F,0xFF,0xFF,0xFF,0xFF,0xFF,0xFF,0xFF,0xFF,0xFF,0xFF,0xFF,0xFF,
        0xFF,0xFF,0xFF,0xFB,0x00,0x10,0x00,0x00,0x00,0x00,0x00,0x00,0x00,0x03,0xFF,0xFF,
        0xFF,0xFF,0xFF,0xFF,0xF9,0xE6,0x00,0x00,0x00,0x00,0x00,0x10,0xFF,0xFF,0xFF,0xFF,
        0xFF,0xFF,0xFF,0xFF,0xFF,0xFF,0xFF,0xFF,0xFF,0xFF,0xFF,0xFB,0x00,0x00,0x00,0x00,
        0x00,0x00,0x00,0x00,0x00,0x00,0xDF,0xFF,0xFF,0xFF,0xFF,0xFF,0xFE,0x0F,0x80,0x00,
        0x00,0x00,0x00,0x0B,0xFF,0xFF,0xFF,0xFF,0xFF,0xFF,0xFF,0xFF,0xFF,0xFF,0xFF,0xFF,
        0xFF,0xFF,0xFF,0xFB,0x00,0x00,0x00,0x00,0x00,0x00,0x00,0x00,0x00,0x00,0x7F,0xFF,
        0xFF,0xFF,0x0F,0xFF,0xFE,0x1F,0x80,0x00,0x00,0x00,0x00,0x0F,0xFF,0xFF,0xFF,0xFF,
        0xFF,0xFF,0xFF,0xFF,0xFF,0xFF,0xFF,0xFF,0xFF,0xFF,0xFF,0xF2,0x00,0x00,0x00,0x00,
        0x00,0x00,0x00,0x00,0x00,0x00,0x7F,0xFF,0xFF,0xFF,0xFF,0xFF,0xFF,0x60,0x80,0x00,
        0x00,0x00,0x00,0x03,0xFF,0xFF,0xFF,0xFF,0xFF,0xFF,0xFF,0xFF,0xFF,0xFF,0xFF,0xFF,
        0xFF,0xFF,0xFF,0xE3,0x00,0x00,0x00,0x00,0x00,0x00,0x00,0x00,0x00,0x00,0x3F,0xFF,
        0xFF,0xFF,0xFC,0xFF,0xFF,0xE0,0x00,0x00,0x00,0x00,0x00,0x01,0xFF,0xFF,0xFF,0xE7,
        0x7F,0xEF,0xFF,0xFF,0xFF,0xFF,0xFF,0xFF,0xFF,0xFF,0xFF,0xC0,0x00,0x00,0x00,0x00,
        0x00,0x00,0x00,0x00,0x00,0x00,0x3F,0xFF,0xFF,0xFF,0xDD,0xFF,0xF7,0x00,0x00,0x00,
        0x00,0x00,0x00,0x01,0xFF,0xE7,0xFF,0xC2,0x7F,0xEF,0xFF,0xFF,0xFF,0xFF,0xFF,0xFF,
        0xFF,0xFF,0xFF,0x83,0x00,0x00,0x00,0x00,0x00,0x00,0x00,0x00,0x00,0x00,0x7F,0xFF,
        0xFF,0xFF,0xDF,0xFF,0xC4,0x00,0x00,0x00,0x00,0x00,0x00,0xFF,0xFC,0x73,0xFF,0x80,
        0x1F,0xE7,0xFF,0xFF,0xFF,0xFF,0xFF,0xFF,0xFF,0xFF,0xFF,0x07,0xC0,0x00,0x00,0x00,
        0x00,0x00,0x00,0x00,0x00,0x00,0x7F,0xFF,0xFF,0xFF,0xDF,0xFF,0xC0,0x00,0x00,0x00,
        0x00,0x00,0x00,0xFF,0xE0,0xBC,0xFF,0x86,0x07,0xE3,0xFF,0xFF,0xFF,0xFF,0xFF,0xFF,
        0xFF,0xFF,0xF0,0x0F,0x00,0x00,0x00,0x00,0x00,0x00,0x00,0x00,0x00,0x00,0x7F,0xFF,
        0xFF,0xFF,0xFF,0xFF,0x80,0x00,0x00,0x00,0x00,0x00,0x00,0xFF,0xC1,0x8F,0x7F,0xFF,
        0xFF,0xF1,0xFF,0xFF,0xFF,0xFF,0xFF,0xFF,0xFF,0xFF,0xE0,0x0C,0x00,0x00,0x00,0x00,
        0x00,0x00,0x00,0x00,0x00,0x00,0x7F,0xFF,0xFF,0xFF,0xFF,0xFC,0x00,0x00,0x00,0x00,
        0x00,0x00,0x00,0xFF,0x01,0x86,0x79,0xFF,0xFF,0xF9,0xFF,0xFF,0xFF,0xFF,0xFF,0xFF,
        0xFF,0xFF,0xC0,0x0C,0x00,0x00,0x00,0x00,0x00,0x00,0x00,0x00,0x00,0x00,0x3F,0xFF,
        0xFF,0xFF,0xFF,0xFC,0x00,0x00,0x00,0x00,0x00,0x00,0x00,0xFF,0x00,0x02,0x39,0xFF,
        0xFF,0xF1,0xFF,0xFF,0xFF,0xFF,0xFF,0xFF,0xFF,0xF9,0xC0,0x0C,0x00,0x00,0x00,0x00,
        0x00,0x00,0x00,0x00,0x00,0x00,0x1F,0xFF,0xFF,0xFF,0xFF,0xF8,0x00,0x00,0x00,0x00,
        0x00,0x00,0x00,0xFF,0x00,0x1C,0x18,0xFF,0xFF,0xF1,0xFF,0xFF,0xFF,0xFF,0xFF,0xFF,
        0xFF,0xF1,0xE0,0x1C,0x00,0x00,0x00,0x00,0x00,0x00,0x00,0x00,0x00,0x00,0x1F,0xFF,
        0xFF,0xFF,0xFF,0xF8,0x00,0x00,0x00,0x00,0x00,0x00,0x00,0x3C,0xFF,0xC0,0x00,0x7F,
        0xFF,0xFF,0xFF,0xFF,0xFF,0xFF,0xFF,0xFF,0xFF,0xF8,0xE0,0x78,0x00,0x00,0x00,0x00,
        0x00,0x00,0x00,0x00,0x00,0x00,0x0F,0xFF,0xFF,0xFF,0xFF,0xF8,0x00,0x00,0x00,0x00,
        0x00,0x00,0x00,0x35,0xFF,0xC0,0x06,0x04,0xFF,0xFF,0xFF,0xFF,0xFF,0xFF,0xFF,0xFF,
        0xFF,0xE0,0xE3,0xF8,0x00,0x00,0x00,0x00,0x00,0x00,0x00,0x00,0x00,0x00,0x07,0xFF,
        0xFF,0xFF,0xFF,0xF0,0x00,0x00,0x00,0x00,0x00,0x00,0x00,0x3F,0xFF,0xC0,0x00,0x01,
        0xFF,0xFF,0xFF,0xFF,0xFF,0xFF,0xFF,0xFF,0xFF,0xF0,0xCF,0xC0,0x00,0x00,0x00,0x00,
        0x00,0x00,0x00,0x00,0x00,0x00,0x01,0xFF,0xFF,0xFF,0xFF,0xC0,0x00,0x00,0x00,0x00,
        0x00,0x00,0x00,0xFF,0xFF,0xE0,0x10,0x01,0xFF,0xFF,0xFF,0xFF,0xFF,0xFF,0xFF,0xFF,
        0xFF,0xF8,0x1E,0x00,0x00,0x00,0x00,0x00,0x00,0x00,0x00,0x00,0x00,0x00,0x00,0xFF,
        0xFF,0xFF,0xFF,0x80,0x00,0x00,0x00,0x00,0x00,0x00,0x01,0xFF,0xFF,0xFC,0x3E,0x01,
        0xFF,0xFF,0xFF,0xFF,0xFF,0xFF,0xFF,0xFF,0xFF,0xF8,0x18,0x00,0x00,0x00,0x00,0x00,
        0x00,0x00,0x00,0x00,0x00,0x00,0x00,0xDF,0xFF,0xFF,0xFF,0x00,0x00,0x00,0x00,0x00,
        0x00,0x00,0x01,0xFF,0xFF,0xFF,0x7F,0xFF,0xFF,0xFF,0xFF,0xFF,0xFF,0xFF,0xFF,0xFF,
        0xFF,0xF8,0x00,0x00,0x00,0x00,0x00,0x00,0x00,0x00,0x00,0x00,0x00,0x00,0x00,0x6F,
        0xFF,0xFF,0x8F,0x00,0x00,0x00,0x00,0x00,0x00,0x00,0x01,0xFF,0xFF,0xFF,0xFF,0xFF,
        0xFF,0xFF,0xFF,0xFF,0xFF,0xFF,0xFF,0xFF,0xFF,0xF8,0x00,0x00,0x00,0x00,0x00,0x00,
        0x00,0x00,0x00,0x00,0x00,0x00,0x00,0x3F,0xFF,0xE0,0x03,0x80,0x00,0x00,0x00,0x00,
        0x00,0x00,0x03,0xFF,0xFF,0xFF,0xFF,0xFF,0xFF,0xE7,0xFF,0xFF,0xFF,0xFF,0xFF,0xFF,
        0xFF,0xF8,0x00,0x00,0x00,0x00,0x00,0x00,0x00,0x00,0x00,0x00,0x00,0x00,0x00,0x33,
        0xFF,0xC0,0x03,0x80,0x00,0x00,0x00,0x00,0x00,0x00,0x0F,0xFF,0xFF,0xFF,0xFF,0xFD,
        0xFF,0xF3,0xFF,0xFF,0xFF,0xFF,0xFF,0xFF,0xFF,0xF0,0x00,0x00,0x00,0x00,0x00,0x00,
        0x00,0x00,0x00,0x00,0x00,0x00,0x00,0x1B,0xFF,0xC0,0x01,0xA0,0x00,0x00,0x00,0x00,
        0x00,0x00,0x1F,0xFF,0xFF,0xFF,0xFF,0xFE,0xFF,0xF8,0xFF,0xFF,0xFF,0xFF,0xFF,0xFF,
        0xFF,0xE0,0x00,0x00,0x00,0x00,0x00,0x00,0x00,0x00,0x00,0x00,0x00,0x00,0x00,0x0D,
        0xFF,0xC0,0x01,0xA0,0x00,0x00,0x00,0x00,0x00,0x00,0x1F,0xFF,0xFF,0xFF,0xFF,0xFE,
        0x7F,0xFC,0x4F,0xFF,0xFF,0xFF,0xFF,0xFF,0xFF,0xE0,0x00,0x00,0x00,0x00,0x00,0x00,
        0x00,0x00,0x00,0x00,0x00,0x00,0x00,0x0C,0xFF,0x80,0x00,0x30,0x00,0x00,0x00,0x00,
        0x00,0x00,0x3F,0xFF,0xFF,0xFF,0xFF,0xFF,0x7F,0xFF,0xE0,0x1F,0xFF,0xFF,0xFF,0xFF,
        0xFF,0x98,0x00,0x00,0x00,0x00,0x00,0x00,0x00,0x00,0x00,0x00,0x00,0x00,0x00,0x02,
        0x7F,0x80,0x07,0x80,0x00,0x00,0x00,0x00,0x00,0x00,0x7F,0xFF,0xFF,0xFF,0xFF,0xFF,
        0x3F,0xFF,0xF8,0x0F,0xFF,0xFF,0xFF,0xFF,0xFF,0x30,0x00,0x00,0x00,0x00,0x00,0x00,
        0x00,0x00,0x00,0x00,0x00,0x00,0x00,0x00,0x3F,0xC0,0x07,0xE0,0x00,0x00,0x00,0x00,
        0x00,0x00,0x7F,0xFF,0xFF,0xFF,0xFF,0xFF,0x9F,0xFF,0xF8,0x07,0xFF,0xFF,0xFF,0xFF,
        0xFC,0x00,0x00,0x00,0x00,0x00,0x00,0x00,0x00,0x00,0x00,0x00,0x00,0x00,0x00,0x00,
        0x3F,0xC1,0xE0,0x3C,0x00,0x00,0x00,0x00,0x00,0x00,0x7F,0xFF,0xFF,0xFF,0xFF,0xFF,
        0x9F,0xFF,0xF8,0x03,0xFF,0xFC,0x3F,0xFF,0x60,0x00,0x00,0x00,0x00,0x00,0x00,0x00,
        0x00,0x00,0x04,0x00,0x00,0x00,0x00,0x00,0x3F,0xE1,0xE0,0x0D,0xC0,0x00,0x00,0x00,
        0x00,0x00,0x7F,0xFF,0xFF,0xFF,0xFF,0xFF,0x8F,0xFF,0xF0,0x00,0xFF,0xF8,0x1F,0xFE,
        0x60,0x00,0x00,0x00,0x00,0x00,0x00,0x00,0x00,0x00,0x00,0x00,0x00,0x00,0x00,0x00,
        0x1F,0xFF,0xC0,0x03,0xEC,0x00,0x00,0x00,0x00,0x00,0x7F,0xFF,0xFF,0xFF,0xFF,0xFF,
        0xCF,0xFF,0xE0,0x00,0xFF,0xE0,0x1F,0xFE,0xC0,0x18,0x00,0x00,0x00,0x00,0x00,0x00,
        0x00,0x00,0x00,0x00,0x00,0x00,0x00,0x00,0x07,0xFF,0xC0,0x10,0x00,0x00,0x00,0x00,
        0x00,0x00,0x7F,0xFF,0xFF,0xFF,0xFF,0xFF,0xE7,0xFF,0xC0,0x00,0x7F,0xC0,0x0F,0xFE,
        0x00,0x18,0x00,0x00,0x00,0x00,0x00,0x00,0x00,0x00,0x00,0x00,0x00,0x00,0x00,0x00,
        0x00,0xFF,0xC0,0x00,0x00,0x00,0x00,0x00,0x00,0x00,0x7F,0xFF,0xFF,0xFF,0xFF,0xFF,
        0xE7,0xFE,0x00,0x00,0x7F,0x80,0x0F,0xFF,0x00,0x38,0x00,0x00,0x00,0x00,0x00,0x00,
        0x00,0x00,0x00,0x00,0x00,0x00,0x00,0x00,0x00,0x07,0xFC,0x00,0x00,0x00,0x00,0x00,
        0x00,0x00,0x7F,0xFF,0xFF,0xFF,0xFF,0xFF,0xF3,0xFC,0x00,0x00,0x7F,0x00,0x01,0xFF,
        0x80,0x30,0x00,0x00,0x00,0x00,0x00,0x00,0x00,0x00,0x00,0x00,0x00,0x00,0x00,0x00,
        0x00,0x03,0xFC,0x00,0x00,0x00,0x00,0x00,0x00,0x00,0x7F,0xFF,0xFF,0xFF,0xFF,0xFF,
        0xFB,0xF0,0x00,0x00,0x3F,0x00,0x01,0xFF,0x80,0x1C,0x00,0x00,0x00,0x00,0x00,0x00,
        0x00,0x00,0x00,0x00,0x00,0x00,0x00,0x00,0x00,0x00,0x7C,0x00,0x00,0x00,0x00,0x00,
        0x00,0x00,0x7F,0xFF,0xFF,0xFF,0xFF,0xFF,0xFF,0x80,0x00,0x00,0x3F,0x00,0x01,0xFF,
        0xC0,0x16,0x00,0x00,0x00,0x00,0x00,0x00,0x00,0x00,0x00,0x00,0x00,0x00,0x00,0x00,
        0x00,0x00,0x1C,0x01,0xE0,0x00,0x00,0x00,0x00,0x00,0x7F,0xFF,0xFF,0xFF,0xFF,0xFF,
        0xFE,0x0C,0x00,0x00,0x1E,0x00,0x01,0x9F,0x80,0x0B,0x00,0x00,0x00,0x00,0x00,0x00,
        0x00,0x00,0x00,0x00,0x00,0x00,0x00,0x00,0x00,0x00,0x1C,0x07,0xFD,0x80,0x00,0x00,
        0x00,0x00,0x3F,0xFF,0xFF,0xFF,0xFF,0xFF,0xFF,0xFC,0x00,0x00,0x1E,0x00,0x01,0x8F,
        0x00,0x0F,0x00,0x00,0x00,0x00,0x00,0x00,0x00,0x00,0x00,0x00,0x00,0x00,0x00,0x00,
        0x00,0x00,0x0E,0x6F,0xFF,0xC0,0x00,0x00,0x00,0x00,0x1F,0xFF,0xFF,0xFF,0xFF,0xFF,
        0xFF,0xFC,0x00,0x00,0x0F,0x00,0x01,0x86,0x00,0x04,0x00,0x00,0x00,0x00,0x00,0x00,
        0x00,0x00,0x00,0x00,0x00,0x00,0x00,0x00,0x00,0x00,0x03,0xFF,0xFF,0xE0,0x00,0x00,
        0x00,0x00,0x0F,0xFF,0xFF,0xFF,0xFF,0xFF,0xFF,0xF8,0x00,0x00,0x0D,0x80,0x01,0x84,
        0x00,0x07,0x80,0x00,0x00,0x00,0x00,0x00,0x00,0x00,0x00,0x00,0x00,0x00,0x00,0x00,
        0x00,0x00,0x01,0x9F,0xFF,0xF0,0x00,0x00,0x00,0x00,0x07,0xFF,0xFF,0xFF,0xFF,0xFF,
        0xFF,0xF0,0x00,0x00,0x01,0x80,0x00,0xC0,0x00,0x0F,0x80,0x00,0x00,0x00,0x00,0x00,
        0x00,0x00,0x00,0x00,0x00,0x00,0x00,0x00,0x00,0x00,0x00,0x1F,0xFF,0xFF,0x00,0x00,
        0x00,0x00,0x03,0xFF,0xFF,0xFF,0xFF,0xFF,0xFF,0xF0,0x00,0x00,0x01,0x80,0x00,0x60,
        0x01,0x83,0x00,0x00,0x00,0x00,0x00,0x00,0x00,0x00,0x00,0x00,0x00,0x00,0x00,0x00,
        0x00,0x00,0x00,0x1F,0xFF,0xFF,0xC0,0x00,0x00,0x00,0x01,0xFF,0x0F,0xFF,0xFF,0xFF,
        0xFF,0xE0,0x00,0x00,0x00,0x00,0x06,0x70,0x03,0xC0,0x00,0x00,0x00,0x00,0x00,0x00,
        0x00,0x00,0x00,0x00,0x00,0x00,0x00,0x00,0x00,0x00,0x00,0x1F,0xFF,0xFF,0xE0,0x00,
        0x00,0x00,0x00,0x00,0x00,0xFF,0xFF,0xFF,0xFF,0xE0,0x00,0x00,0x00,0x00,0x07,0x70,
        0x07,0x80,0x00,0x00,0x00,0x00,0x00,0x00,0x00,0x00,0x00,0x00,0x00,0x00,0x00,0x00,
        0x00,0x00,0x00,0x3F,0xFF,0xFF,0xE0,0x00,0x00,0x00,0x00,0x00,0x00,0x7F,0xFF,0xFF,
        0xFF,0xC0,0x00,0x00,0x00,0x00,0x03,0xF0,0x1F,0x80,0x00,0x00,0x00,0x00,0x00,0x00,
        0x00,0x00,0x00,0x00,0x00,0x00,0x00,0x00,0x00,0x00,0x00,0x3F,0xFF,0xFF,0xF8,0x00,
        0x00,0x00,0x00,0x00,0x00,0xFF,0xFF,0xFF,0xFF,0x00,0x00,0x00,0x00,0x00,0x01,0xF8,
        0x7F,0xC0,0x40,0x00,0x00,0x00,0x00,0x00,0x00,0x00,0x00,0x00,0x00,0x00,0x00,0x00,
        0x00,0x00,0x00,0x7F,0xFF,0xFF,0xF8,0x00,0x00,0x00,0x00,0x00,0x00,0xFF,0xFF,0xFF,
        0xFE,0x00,0x00,0x00,0x00,0x00,0x00,0xF8,0x7F,0x9E,0x40,0x00,0x00,0x00,0x00,0x00,
        0x00,0x00,0x00,0x00,0x00,0x00,0x00,0x00,0x00,0x01,0x00,0xFF,0xFF,0xFF,0xFE,0x00,
        0x00,0x00,0x00,0x00,0x00,0xFF,0xFF,0xFB,0xFC,0x00,0x00,0x00,0x00,0x00,0x00,0x78,
        0x7F,0xA0,0x4E,0x00,0x00,0x00,0x00,0x00,0x00,0x00,0x00,0x00,0x00,0x00,0x00,0x00,
        0x00,0x00,0x00,0xFF,0xFF,0xFF,0xFF,0x80,0x00,0x00,0x00,0x00,0x00,0xFF,0xFF,0xF3,
        0xF8,0x00,0x00,0x00,0x00,0x00,0x00,0x7E,0x7F,0x38,0x0E,0x70,0x00,0x00,0x00,0x00,
        0x00,0x00,0x00,0x00,0x00,0x00,0x00,0x00,0x00,0x00,0x00,0xFF,0xFF,0xFF,0xFF,0xF8,
        0x00,0x00,0x00,0x00,0x00,0x7F,0xFF,0xFF,0xF0,0x00,0x00,0x00,0x00,0x00,0x00,0x3F,
        0x3F,0x78,0xB3,0x7E,0x00,0x00,0x00,0x00,0x00,0x00,0x00,0x00,0x00,0x00,0x00,0x00,
        0x00,0x00,0x00,0xFF,0xFF,0xFF,0xFF,0xFC,0x00,0x00,0x00,0x00,0x00,0x3F,0xFF,0xFF,
        0xF0,0x00,0x00,0x00,0x00,0x00,0x00,0x1E,0x06,0x38,0x83,0xFF,0x81,0x00,0x00,0x00,
        0x00,0x00,0x00,0x00,0x00,0x00,0x00,0x00,0x00,0x00,0x01,0xFF,0xFF,0xFF,0xFF,0xFF,
        0x80,0x00,0x00,0x00,0x00,0x3F,0xFF,0xFF,0xE0,0x00,0x00,0x00,0x00,0x00,0x00,0x0C,
        0x00,0x2C,0x00,0x7F,0xC2,0x00,0x00,0x00,0x00,0x00,0x00,0x00,0x00,0x00,0x00,0x00,
        0x00,0x00,0x00,0xFF,0xFF,0xFF,0xFF,0xFF,0x80,0x00,0x00,0x00,0x00,0x1F,0xFF,0xFF,
        0xE0,0x00,0x00,0x00,0x00,0x00,0x00,0x07,0x80,0x00,0x01,0x1F,0xEC,0x20,0x00,0x00,
        0x00,0x00,0x00,0x00,0x00,0x00,0x00,0x00,0x00,0x00,0x00,0x7F,0xFF,0xFF,0xFF,0xFF,
        0x80,0x00,0x00,0x00,0x00,0x1F,0xFF,0xFF,0xE0,0x00,0x00,0x00,0x00,0x00,0x00,0x03,
        0xF8,0x00,0x00,0x3F,0xE0,0x00,0x00,0x00,0x00,0x00,0x00,0x00,0x00,0x00,0x00,0x00,
        0x00,0x00,0x00,0x3F,0xFF,0xFF,0xFF,0xFF,0x80,0x00,0x00,0x00,0x00,0x1F,0xFF,0xFF,
        0xE0,0x00,0x00,0x00,0x00,0x00,0x00,0x00,0x3F,0xD1,0x80,0x3F,0x30,0x00,0x00,0x00,
        0x00,0x00,0x00,0x00,0x00,0x00,0x00,0x00,0x00,0x00,0x00,0x3F,0xFF,0xFF,0xFF,0xFF,
        0x80,0x00,0x00,0x00,0x00,0x1F,0xFF,0xFF,0xF0,0x00,0x00,0x00,0x00,0x00,0x00,0x00,
        0x00,0x22,0x00,0x07,0x1C,0x02,0x00,0x00,0x00,0x00,0x00,0x00,0x00,0x00,0x00,0x00,
        0x00,0x00,0x00,0x1F,0xFF,0xFF,0xFF,0xFF,0x00,0x00,0x00,0x00,0x00,0x0F,0xFF,0xFF,
        0xF0,0x00,0x00,0x00,0x00,0x00,0x00,0x00,0x00,0x00,0x00,0x02,0x00,0x00,0x00,0x00,
        0x00,0x00,0x00,0x00,0x00,0x00,0x00,0x00,0x00,0x00,0x00,0x1F,0xFF,0xFF,0xFF,0xFE,
        0x00,0x00,0x00,0x00,0x00,0x0F,0xFF,0xFF,0xF0,0x00,0x00,0x00,0x00,0x00,0x00,0x00,
        0x00,0x00,0x0F,0xC3,0x00,0x00,0x00,0x00,0x00,0x00,0x00,0x00,0x00,0x00,0x00,0x00,
        0x00,0x00,0x00,0x0F,0xFF,0xFF,0xFF,0xFC,0x00,0x00,0x00,0x00,0x00,0x1F,0xFF,0xFF,
        0xF0,0x18,0x00,0x00,0x00,0x00,0x00,0x00,0x00,0x00,0x1F,0xC3,0x00,0x00,0x00,0x00,
        0x00,0x00,0x00,0x00,0x00,0x00,0x00,0x00,0x00,0x00,0x00,0x0F,0xFF,0xFF,0xFF,0xFC,
        0x00,0x00,0x00,0x00,0x00,0x1F,0xFF,0xFF,0xF0,0x38,0x00,0x00,0x00,0x00,0x00,0x00,
        0x00,0x00,0xDF,0x87,0x00,0x00,0x00,0x00,0x00,0x00,0x00,0x00,0x00,0x00,0x00,0x00,
        0x00,0x00,0x00,0x07,0xFF,0xFF,0xFF,0xFC,0x00,0x00,0x00,0x00,0x00,0x3F,0xFF,0xFF,
        0xF0,0x78,0x00,0x00,0x00,0x00,0x00,0x00,0x00,0x01,0xFF,0x87,0x80,0x00,0x08,0x00,
        0x00,0x00,0x00,0x00,0x00,0x00,0x00,0x00,0x00,0x00,0x00,0x03,0xFF,0xFF,0xFF,0xFC,
        0x00,0x00,0x00,0x00,0x00,0x3F,0xFF,0xFF,0xF1,0xF8,0x00,0x00,0x00,0x00,0x00,0x00,
        0x00,0x07,0xFF,0xE7,0xC0,0x00,0x00,0x01,0x00,0x00,0x00,0x00,0x00,0x00,0x00,0x00,
        0x00,0x00,0x00,0x00,0xFF,0xFF,0xFF,0xFC,0x00,0x00,0x00,0x00,0x00,0x3F,0xFF,0xFF,
        0xC1,0xF0,0x00,0x00,0x00,0x00,0x00,0x00,0x00,0x0F,0xFF,0xFF,0xC0,0x00,0x00,0x02,
        0x00,0x00,0x00,0x00,0x00,0x00,0x00,0x00,0x00,0x00,0x00,0x00,0x7F,0xFF,0xFF,0xF8,
        0x00,0x00,0x00,0x00,0x00,0x3F,0xFF,0xFF,0x81,0xF0,0x00,0x00,0x00,0x00,0x00,0x00,
        0x00,0x0F,0xFF,0xFF,0xC0,0x00,0x00,0x02,0x00,0x00,0x00,0x00,0x00,0x00,0x00,0x00,
        0x00,0x00,0x00,0x00,0x7F,0xFF,0xFF,0xF8,0x00,0x00,0x00,0x00,0x00,0x1F,0xFF,0xFF,
        0x01,0xF0,0x00,0x00,0x00,0x00,0x00,0x00,0x00,0x3F,0xFF,0xFF,0xF0,0x00,0x00,0x00,
        0x00,0x00,0x00,0x00,0x00,0x00,0x00,0x00,0x00,0x00,0x00,0x00,0x7F,0xFF,0xFF,0xF0,
        0x00,0x00,0x00,0x00,0x00,0x0F,0xFF,0xFE,0x01,0xE0,0x00,0x00,0x00,0x00,0x00,0x00,
        0x01,0xFF,0xFF,0xFF,0xF8,0x00,0x20,0x00,0x00,0x00,0x00,0x00,0x00,0x00,0x00,0x00,
        0x00,0x00,0x00,0x00,0x3F,0xFF,0xFF,0xF0,0x00,0x00,0x00,0x00,0x00,0x0F,0xFF,0xFF,
        0x03,0xE0,0x00,0x00,0x00,0x00,0x00,0x00,0x07,0xFF,0xFF,0xFF,0xF8,0x00,0x10,0x00,
        0x00,0x00,0x00,0x00,0x00,0x00,0x00,0x00,0x00,0x00,0x00,0x00,0x7F,0xFF,0xFF,0xC0,
        0x00,0x00,0x00,0x00,0x00,0x0F,0xFF,0xFF,0x03,0xE0,0x00,0x00,0x00,0x00,0x00,0x00,
        0x07,0xFF,0xFF,0xFF,0xFC,0x00,0x00,0x00,0x00,0x00,0x00,0x00,0x00,0x00,0x00,0x00,
        0x00,0x00,0x00,0x00,0x7F,0xFF,0xFE,0x00,0x00,0x00,0x00,0x00,0x00,0x07,0xFF,0xFF,
        0x01,0xC0,0x00,0x00,0x00,0x00,0x00,0x00,0x07,0xFF,0xFF,0xFF,0xFE,0x00,0x00,0x00,
        0x00,0x00,0x00,0x00,0x00,0x00,0x00,0x00,0x00,0x00,0x00,0x00,0x7F,0xFF,0xF8,0x00,
        0x00,0x00,0x00,0x00,0x00,0x07,0xFF,0xFC,0x01,0x80,0x00,0x00,0x00,0x00,0x00,0x00,
        0x07,0xFF,0xFF,0xFF,0xFF,0x00,0x00,0x00,0x00,0x00,0x00,0x00,0x00,0x00,0x00,0x00,
        0x00,0x00,0x00,0x00,0x7F,0xFF,0xF8,0x00,0x00,0x00,0x00,0x00,0x00,0x07,0xFF,0xF8,
        0x00,0x00,0x00,0x00,0x00,0x00,0x00,0x00,0x07,0xFF,0xFF,0xFF,0xFF,0x00,0x00,0x00,
        0x00,0x00,0x00,0x00,0x00,0x00,0x00,0x00,0x00,0x00,0x00,0x00,0x7F,0xFF,0xF8,0x00,
        0x00,0x00,0x00,0x00,0x00,0x07,0xFF,0xF8,0x00,0x00,0x00,0x00,0x00,0x00,0x00,0x00,
        0x07,0xFF,0xFF,0xFF,0xFF,0x00,0x00,0x00,0x00,0x00,0x00,0x00,0x00,0x00,0x00,0x00,
        0x00,0x00,0x00,0x00,0xFF,0xFF,0xF8,0x00,0x00,0x00,0x00,0x00,0x00,0x03,0xFF,0xF0,
        0x00,0x00,0x00,0x00,0x00,0x00,0x00,0x00,0x03,0xFF,0xFF,0xFF,0xFF,0x80,0x00,0x00,
        0x00,0x00,0x00,0x00,0x00,0x00,0x00,0x00,0x00,0x00,0x00,0x00,0xFF,0xFF,0xF0,0x00,
        0x00,0x00,0x00,0x00,0x00,0x01,0xFF,0xF0,0x00,0x00,0x00,0x00,0x00,0x00,0x00,0x00,
        0x03,0xFF,0xFF,0xFF,0xFF,0x00,0x00,0x00,0x00,0x00,0x00,0x00,0x00,0x00,0x00,0x00,
        0x00,0x00,0x00,0x00,0xFF,0xFF,0xE0,0x00,0x00,0x00,0x00,0x00,0x00,0x00,0xFF,0xE0,
        0x00,0x00,0x00,0x00,0x00,0x00,0x00,0x00,0x03,0xFF,0xFF,0xFF,0xFF,0x00,0x00,0x00,
        0x00,0x00,0x00,0x00,0x00,0x00,0x00,0x00,0x00,0x00,0x00,0x00,0xFF,0xFF,0xC0,0x00,
        0x00,0x00,0x00,0x00,0x00,0x00,0xFF,0xC0,0x00,0x00,0x00,0x00,0x00,0x00,0x00,0x00,
        0x01,0xFF,0xC5,0xFF,0xFF,0x00,0x00,0x00,0x00,0x00,0x00,0x00,0x00,0x00,0x00,0x00,
        0x00,0x00,0x00,0x00,0xFF,0xFF,0x80,0x00,0x00,0x00,0x00,0x00,0x00,0x00,0xFE,0x80,
        0x00,0x00,0x00,0x00,0x00,0x00,0x00,0x00,0x03,0xFE,0x01,0xDF,0xFE,0x00,0x00,0x00,
        0x00,0x00,0x00,0x00,0x00,0x00,0x00,0x00,0x00,0x00,0x00,0x00,0xFF,0xFF,0x00,0x00,
        0x00,0x00,0x00,0x00,0x00,0x00,0x40,0x00,0x00,0x00,0x00,0x00,0x00,0x00,0x00,0x00,
        0x03,0xC0,0x00,0xBF,0xFC,0x00,0x00,0x00,0x00,0x00,0x00,0x00,0x00,0x00,0x00,0x00,
        0x00,0x00,0x00,0x01,0xFF,0xFC,0x00,0x00,0x00,0x00,0x00,0x00,0x00,0x00,0x00,0x00,
        0x00,0x00,0x00,0x00,0x00,0x00,0x00,0x00,0x00,0x00,0x00,0x7F,0xFC,0x00,0x00,0x20,
        0x00,0x00,0x00,0x00,0x00,0x00,0x00,0x00,0x00,0x00,0x00,0x01,0xFF,0xFC,0x00,0x00,
        0x00,0x00,0x00,0x00,0x00,0x00,0x00,0x00,0x00,0x00,0x00,0x00,0x00,0x00,0x00,0x00,
        0x00,0x00,0x00,0x0F,0xF8,0x00,0x00,0x30,0x00,0x00,0x00,0x00,0x00,0x00,0x00,0x00,
        0x00,0x00,0x00,0x03,0xFF,0xF8,0x00,0x00,0x00,0x00,0x00,0x00,0x00,0x00,0x00,0x00,
        0x00,0x00,0x00,0x00,0x00,0x00,0x00,0x00,0x00,0x00,0x00,0x0F,0xF8,0x00,0x00,0x1E,
        0x00,0x00,0x00,0x00,0x00,0x00,0x00,0x00,0x00,0x00,0x00,0x01,0xFF,0xF0,0x00,0x00,
        0x00,0x00,0x00,0x00,0x00,0x00,0x00,0x00,0x00,0x00,0x00,0x00,0x00,0x00,0x00,0x00,
        0x00,0x00,0x00,0x01,0x60,0x00,0x00,0x1C,0x00,0x00,0x00,0x00,0x00,0x00,0x00,0x00,
        0x00,0x00,0x00,0x03,0xFF,0x80,0x00,0x00,0x00,0x00,0x00,0x00,0x00,0x00,0x00,0x00,
        0x00,0x00,0x00,0x00,0x00,0x00,0x00,0x00,0x00,0x00,0x00,0x00,0x00,0x00,0x00,0x18,
        0x00,0x00,0x00,0x00,0x00,0x00,0x00,0x00,0x00,0x00,0x00,0x03,0xFD,0x00,0x00,0x00,
        0x00,0x00,0x00,0x00,0x00,0x00,0x00,0x00,0x00,0x00,0x00,0x00,0x00,0x00,0x00,0x00,
        0x00,0x00,0x00,0x00,0xF0,0x00,0x00,0x78,0x00,0x00,0x00,0x00,0x00,0x00,0x00,0x00,
        0x00,0x00,0x00,0x03,0xFE,0x00,0x00,0x00,0x00,0x00,0x00,0x00,0x00,0x00,0x00,0x00,
        0x00,0x00,0x00,0x00,0x00,0x00,0x00,0x00,0x00,0x00,0x00,0x00,0x70,0x00,0x00,0xE0,
        0x00,0x00,0x00,0x00,0x00,0x00,0x00,0x00,0x00,0x00,0x00,0x01,0xFC,0x00,0x00,0x00,
        0x00,0x00,0x00,0x00,0x00,0x00,0x00,0x00,0x00,0x00,0x00,0x00,0x00,0x00,0x00,0x00,
        0x00,0x00,0x00,0x00,0x20,0x00,0x01,0xC0,0x00,0x00,0x00,0x00,0x00,0x00,0x00,0x00,
        0x00,0x00,0x00,0x03,0xFC,0x00,0x00,0x00,0x00,0x00,0x00,0x00,0x00,0x00,0x00,0x00,
        0x00,0x00,0x00,0x00,0x00,0x00,0x00,0x00,0x00,0x00,0x00,0x00,0x00,0x00,0x07,0x80,
        0x00,0x00,0x00,0x00,0x00,0x00,0x00,0x00,0x00,0x00,0x00,0x07,0xF0,0x00,0x00,0x00,
        0x00,0x00,0x00,0x00,0x00,0x00,0x00,0x00,0x00,0x00,0x00,0x00,0x00,0x00,0x00,0x00,
        0x00,0x00,0x00,0x00,0x00,0x00,0x0F,0x00,0x00,0x00,0x00,0x00,0x00,0x00,0x00,0x00,
        0x00,0x00,0x00,0x07,0xF0,0x00,0x00,0x00,0x00,0x00,0x00,0x00,0x00,0x00,0x00,0x00,
        0x00,0x00,0x00,0x00,0x00,0x00,0x00,0x00,0x00,0x00,0x00,0x00,0x00,0x00,0x06,0x00,
        0x00,0x00,0x00,0x00,0x00,0x00,0x00,0x00,0x00,0x00,0x00,0x07,0xFC,0x00,0x00,0x00,
        0x00,0x00,0x00,0x00,0x00,0x00,0x00,0x00,0x00,0x00,0x00,0x00,0x00,0x00,0x00,0x00,
        0x00,0x00,0x00,0x00,0x00,0x00,0x00,0x00,0x00,0x00,0x00,0x00,0x00,0x00,0x00,0x00,
        0x00,0x00,0x00,0x07,0xF8,0x00,0x00,0x00,0x00,0x00,0x00,0x00,0x00,0x00,0x00,0x00,
        0x00,0x00,0x00,0x04,0x00,0x00,0x00,0x00,0x00,0x00,0x00,0x00,0x00,0x00,0x00,0x00,
        0x00,0x00,0x00,0x00,0x00,0x00,0x00,0x00,0x00,0x00,0x00,0x07,0xF0,0x00,0x00,0x00,
        0x00,0x00,0x00,0x00,0x00,0x00,0x00,0x00,0x00,0x00,0x00,0x00,0x00,0x00,0x00,0x00,
        0x00,0x00,0x00,0x00,0x00,0x00,0x00,0x00,0x00,0x00,0x00,0x00,0x00,0x00,0x00,0x00,
        0x00,0x00,0x00,0x07,0xE0,0x30,0x00,0x00,0x00,0x00,0x00,0x00,0x00,0x00,0x00,0x00,
        0x00,0x00,0x00,0x00,0x00,0x00,0x00,0x00,0x00,0x00,0x00,0x00,0x00,0x00,0x00,0x00,
        0x00,0x00,0x00,0x00,0x00,0x00,0x00,0x00,0x00,0x00,0x00,0x07,0xF0,0x30,0x00,0x00,
        0x00,0x00,0x00,0x00,0x00,0x00,0x00,0x00,0x00,0x00,0x00,0x00,0x00,0x00,0x00,0x00,
        0x00,0x00,0x00,0x00,0x00,0x00,0x00,0x00,0x00,0x00,0x00,0x00,0x00,0x00,0x00,0x00,
        0x00,0x00,0x00,0x03,0xF0,0x00,0x00,0x00,0x00,0x00,0x00,0x00,0x00,0x00,0x00,0x00,
        0x00,0x00,0x00,0x00,0x00,0x00,0x00,0x00,0x00,0x00,0x00,0x00,0x00,0x00,0x00,0x00,
        0x00,0x00,0x00,0x00,0x00,0x00,0x00,0x00,0x00,0x00,0x00,0x00,0xFC,0x00,0x00,0x00,
        0x00,0x00,0x00,0x00,0x00,0x00,0x00,0x00,0x00,0x00,0x00,0x00,0x00,0x00,0x00,0x00,
        0x00,0x00,0x00,0x00,0x00,0x00,0x00,0x00,0x00,0x00,0x00,0x00,0x00,0x00,0x00,0x00,
        0x00,0x00,0x00,0x00,0x20,0x00,0x00,0x00,0x00,0x00,0x00,0x00,0x00,0x00,0x00,0x00,
        0x00,0x00,0x00,0x00,0x00,0x00,0x00,0x00,0x00,0x00,0x00,0x00,0x00,0x00,0x00,0x00,
        0x00,0x00,0x00,0x00,0x00,0x00,0x00,0x00,0x00,0x00,0x00,0x00,0x00,0x00,0x00,0x00,
        0x00,0x00,0x00,0x00,0x00,0x00,0x00,0x00,0x00,0x00,0x00,0x00,0x00,0x00,0x00,0x00,
        0x00,0x00,0x00,0x00,0x00,0x00,0x00,0x00,0x00,0x00,0x00,0x00,0x00,0x00,0x00,0x00,
        0x00,0x00,0x00,0x00,0x00,0x00,0x00,0x00,0x00,0x00,0x00,0x00,0x00,0x00,0x00,0x00,
        0x00,0x00,0x00,0x00,0x00,0x00,0x00,0x00,0x00,0x00,0x00,0x00,0x00,0x00,0x00,0x00,
        0x00,0x00,0x00,0x00,0x00,0x00,0x00,0x00,0x00,0x00,0x00,0x00,0x00,0x00,0x00,0x00,
        0x00,0x00,0x00,0x00,0x00,0x00,0x00,0x00,0x00,0x00,0x00,0x00,0x00,0x00,0x00,0x00,
        0x00,0x00,0x00,0x00,0x00,0x00,0x00,0x00,0x00,0x00,0x00,0x00,0x00,0x00,0x00,0x00,
        0x00,0x00,0x00,0x00,0x00,0x00,0x00,0x00,0x00,0x00,0x00,0x00,0x00,0x00,0x00,0x00,
        0x00,0x00,0x00,0x00,0x00,0x00,0x00,0x00,0x00,0x00,0x00,0x00,0x00,0x00,0x00,0x00,
        0x00,0x00,0x00,0x00,0x00,0x00,0x00,0x00,0x00,0x00,0x00,0x00,0x00,0x00,0x00,0x00,
        0x00,0x00,0x00,0x00,0x00,0x00,0x00,0x00,0x00,0x00,0x00,0x00,0x00,0x00,0x00,0x00,
        0x00,0x00,0x00,0x00,0x00,0x00,0x00,0x00,0x00,0x00,0x00,0x00,0x00,0x00,0x00,0x00,
        0x00,0x00,0x00,0x00,0x00,0x00,0x00,0x00,0x00,0x00,0x00,0x00,0x00,0x00,0x00,0x00,
        0x00,0x00,0x00,0x00,0x00,0x00,0x00,0x00,0x00,0x00,0x00,0x00,0x00,0x00,0x00,0x00,
        0x00,0x00,0x00,0x00,0x00,0x00,0x00,0x00,0x00,0x00,0x00,0x00,0x00,0x18,0x00,0x00,
        0x00,0x00,0x00,0x00,0x00,0x00,0x00,0x00,0x00,0x00,0x00,0x00,0x00,0x00,0x00,0x00,
        0x00,0x00,0x00,0x00,0x00,0x00,0x00,0x00,0x00,0x00,0x00,0x00,0x00,0x00,0x00,0x00,
        0x00,0x00,0x00,0x00,0x01,0x60,0x00,0x00,0x00,0x00,0x00,0x00,0x00,0x00,0x00,0x00,
        0x00,0x00,0x00,0x00,0x00,0x00,0x06,0x00,0x00,0x00,0x00,0x00,0x00,0x00,0x00,0x00,
        0x00,0x00,0x00,0x00,0x00,0x00,0x00,0x00,0x00,0x00,0x00,0x00,0x03,0xE0,0x00,0x00,
        0x00,0x00,0x00,0x00,0x00,0x00,0x00,0x00,0x00,0x07,0x80,0x00,0x00,0x04,0x06,0xF0,
        0x18,0x03,0xE2,0x00,0x00,0x00,0x00,0x00,0x00,0x00,0x00,0x00,0x00,0x00,0x00,0x00,
        0x00,0x00,0x00,0x00,0x1F,0xC0,0x00,0x00,0x00,0x00,0x00,0x00,0x00,0x00,0x00,0x00,
        0x00,0x1F,0xF0,0x00,0x00,0x7F,0xFF,0xFF,0xFF,0xFF,0xFF,0xFF,0xC0,0x00,0x00,0x00,
        0x00,0x00,0x00,0x00,0x00,0x00,0x00,0x00,0x00,0x00,0x00,0x00,0x0F,0xF0,0x00,0x00,
        0x00,0x00,0x00,0x00,0x00,0x00,0x00,0x00,0x03,0xFF,0xFF,0xFC,0x03,0xFF,0xFF,0xFF,
        0xFF,0xFF,0xFF,0xFF,0xE0,0x00,0x00,0x00,0x00,0x00,0x00,0x00,0x00,0x00,0x00,0x00,
        0x00,0x00,0x00,0x00,0xCF,0xC0,0x00,0x00,0x00,0x00,0x00,0x00,0x00,0x00,0x00,0x37,
        0x0F,0xFF,0xFF,0xFF,0xCF,0xFF,0xFF,0xFF,0xFF,0xFF,0xFF,0xFF,0xFF,0xF0,0x00,0x00,
        0x00,0x00,0x00,0x00,0x00,0x00,0x00,0x00,0x00,0x00,0x00,0x07,0xFF,0xC0,0x00,0x00,
        0x00,0x00,0x00,0x3F,0xFF,0xFF,0xFF,0xFF,0xFF,0xFF,0xFF,0xFF,0xFF,0xFF,0xFF,0xFF,
        0xFF,0xFF,0xFF,0xFF,0xFF,0xFF,0x00,0x00,0x00,0x00,0x00,0x00,0x00,0x00,0x00,0x00,
        0x00,0x00,0x00,0x07,0xFF,0xE0,0x00,0x00,0x00,0x00,0x07,0xFF,0xFF,0xFF,0xFF,0xFF,
        0xFF,0xFF,0xFF,0xF7,0xFF,0xFF,0xFF,0xFF,0xFF,0xFF,0xFF,0xFF,0xFF,0xFF,0xFE,0x00,
        0x00,0x00,0x00,0x00,0x00,0x00,0x00,0x00,0x0F,0xFF,0xC0,0x35,0xFF,0xE0,0x00,0x00,
        0x00,0x01,0xFF,0xFF,0xFF,0xFF,0xFF,0xFF,0xFF,0xFF,0xFF,0xFF,0xFF,0xFF,0xFF,0xFF,
        0xFF,0xFF,0xFF,0xFF,0xFF,0xFF,0xFE,0x00,0x00,0x00,0x00,0x00,0x00,0x01,0xFE,0x00,
        0x07,0xFF,0xFE,0xFF,0xFF,0xE0,0x00,0x00,0x00,0x07,0xFF,0xFF,0xFF,0xFF,0xFF,0xFF,
        0xFF,0xFF,0xFF,0xDF,0xFF,0xFF,0xFF,0xFF,0xFF,0xFF,0xFF,0xFF,0xFF,0xFF,0xF4,0x00,
        0x00,0x00,0x00,0x00,0x07,0xFF,0xFF,0xFF,0xE3,0xFF,0xFF,0xFF,0xFF,0xC0,0x00,0x00,
        0x00,0x3F,0xFF,0xFF,0xFF,0xFF,0xFF,0xFF,0xFF,0xFF,0xFF,0xFF,0xFF,0xFF,0xFF,0xFF,
        0xFF,0xFF,0xFF,0xFF,0xFF,0xFF,0x80,0x00,0x00,0x00,0x00,0x0F,0xFF,0xFF,0xFF,0xFF,
        0xFF,0xFF,0xFF,0xFF,0xFF,0xFE,0x00,0x00,0x00,0xFF,0xFF,0xFF,0xFF,0xFF,0xFF,0xFF,
        0xFF,0xFF,0xFF,0xFF,0xFF,0xFF,0xFF,0xFF,0xFF,0xFF,0xFF,0xFF,0xFF,0xFF,0x80,0x00,
        0x00,0x00,0x1E,0xFF,0xFF,0xFF,0xFF,0xFF,0xFF,0xFF,0xFF,0xFF,0xFF,0xFF,0xD0,0x00,
        0x0F,0xFF,0xFF,0xFF,0xFF,0xFF,0xFF,0xFF,0xFF,0xFF,0xFF,0xFF,0xFF,0xFF,0xFF,0xFF,
        0xFF,0xFF,0xFF,0xFF,0xFF,0xFF,0x89,0x00,0xFE,0xA3,0xFF,0xFF,0xFF,0xFF,0xFF,0xFF,
        0xFF,0xFF,0xFF,0xFF,0xFF,0xFE,0xFF,0xFF,0x7F,0xFF,0xFF,0xFF,0xFF,0xFF,0xFF,0xFF,
        0xFF,0xFF,0xFF,0xFF,0xFF,0xFF,0xFF,0xFF,0xFF,0xFF,0xFF,0xFF,0xFF,0xFF,0xDF,0xFF,
        0xFF,0xFF,0xFF,0xFF,0xFF,0xFF,0xFF,0xFF,0xFF,0xFF,0xFF,0xFF,0xEE,0xBD,0xD7,0xFF,
        0xFF,0xFF,0xFF,0xFF,0xFF,0xFF,0xFF,0xFF,0xFF,0xFF,0xFF,0xFF,0xFF,0xFF,0xFF,0xFF,
        0xFF,0xFF,0xFF,0xFF,0xFF,0xFF,0xFF,0xFF,0xFF,0xFF,0xFF,0xFF,0xFF,0xFF,0xFF,0xFF,
        0xFF,0xFF,0xFF,0xFF,0xBF,0xEF,0xFF,0xFD,0xFD,0xFF,0x7F,0xFF,0xFF,0xFF,0xFF,0xFF,
        0xFF,0xFF,0xFF,0xFF,0xFF,0xFF,0xFF,0xFF,0xFF,0xFF,0xFF,0xFF,0xFF,0xEB,0xFF,0xFF,
        0xFF,0xFF,0xFF,0xFF,0xFF,0xFF,0xFF,0xFF,0xFF,0xFF,0xFF,0xFD,0xFD,0xFF,0xFF,0xF7,
        0xFF,0xFF,0xFF,0xFF,0xFF,0xFF,0xFF,0xFF,0xFF,0xFF,0xFF,0xFF,0xFF,0xFF,0xFF,0xFF,
        0xFF,0xFF,0xFF,0xFF,0xFF,0xFF,0xFF,0xFF,0xFF,0xFF,0xFF,0xF7,0xFD,0xFF,0xFF,0xFF,
        0xFF,0xFF,0xFF,0xFF,0xFF,0xFB,0xFF,0xDF,0xFF,0xFF,0xFF,0xFF,0xFF,0xFF,0xFF,0xFF,
        0xFF,0xFF,0xFF,0xFF,0xFF,0xFF,0xFF,0xFF,0xFF,0xFF,0xFF,0xFF,0xFF,0xFD,0xFF,0xFF,
        0xFF,0xFF,0xFF,0xFF,0xFF,0xFF,0xFF,0xFF,0xFF,0xFF,0xFF,0xB6,0xFF,0x6F,0xFF,0xFB,
        0x7F,0xFF,0xFF,0xFF,0xFF,0xFF,0xFF,0xFF,0xFF,0xFF,0xFF,0xFF,0xFF,0xFF,0xFF,0xFF,
        0xFF,0xFF,0xFF,0xFF,0xFF,0xFF,0xF7,0xFF,0xD7,0xFF,0xFF,0xFF,0xFF,0xFF,0xFF,0xFF,
        0xFF,0xFF,0xFF,0xFF,0xFF,0xFF,0xFF,0xFF,0xFF,0xFF,0xFF,0xFF,0xFF,0xFF,0xFF,0xFF,
        0xFF,0xFF,0xFF,0xFF,0xFF,0xFF,0xFF,0xFF,0xFF,0xFF,0xFF,0xFF,0xFF,0xFF,0xA1,0xFF,
        0xFF,0xFF,0xDF,0xBB,0xFF,0xFF,0xFF,0xFF,0xFF,0xFF,0xFF,0xFF,0xFF,0xFF,0xFF,0xFF,
        0xFF,0xFF,0xFF,0xFF,0xFF,0xFF,0xFF,0xFF,0xFF,0xFF,0xFF,0xFF,0xFF,0xFF,0xFF,0xFF,
        0xFF,0xFF,0xFF,0xFF,0xFF,0xFF,0xFF,0xFF,0xFF,0xFF,0xFF,0xFF,0xFF,0xFF,0xFF,0xFF,
        0xFF,0xFF,0xFF,0xFF,0xFF,0xFF,0xFF,0xFF,0xFF,0xFF,0xFF,0xFF,0xFF,0xFF,0xFF,0xFF,
        0xFF,0xFF,0xFF,0xFF,0xFF,0xFF,0xFF,0xFF,0xFF,0xFF,0xFF,0xFF,0xFF,0xFF,0xFF,0xFF,
        0xFF,0xFF,0xFF,0xFF,0xFF,0xFF,0xFF,0xFF,0xFF,0xFF,0xFF,0xFF,0xFF,0xFF,0xFF,0xFF,
        0xFF,0xFF,0xFF,0xFF,0xFF,0xFF,0xFF,0xFF,0xFF,0xFF,0xFF,0xFF,0xFF,0xFF,0xFF,0xFF,
        0xFF,0xFF,0xFF,0xFF,0xFF,0xFF,0xFF,0xFF,0xFF,0xFF,0xFF,0xFF,0xFF,0xFF,0xFF,0xFF,
        0xFF,0xFF,0xFF,0xFF,0xFF,0xFF,0xFF,0xFF,0xFF,0xFF,0xFF,0xFF,0xFF,0xFF,0xFF,0xFF,
        0xFF,0xFF,0xFF,0xFF,0xFF,0xFF,0xFF,0xFF,0xFF,0xFF,0xFF,0xFF,0xFF,0xFF,0xFF,0xFF,
    },
};

const unsigned char map_lights[MAP_PLANE_BYTES] =
{
    0x00,0x00,0x00,0x00,0x00,0x00,0x00,0x00,0x00,0x00,0x00,0x00,0x00,0x00,0x00,0x00,
    0x00,0x00,0x00,0x00,0x00,0x00,0x00,0x00,0x00,0x00,0x00,0x00,0x00,0x00,0x00,0x00,
    0x00,0x00,0x00,0x00,0x00,0x00,0x00,0x00,0x00,0x00,0x00,0x00,0x00,0x00,0x00,0x00,
    0x00,0x00,0x00,0x00,0x00,0x00,0x00,0x00,0x00,0x00,0x00,0x00,0x00,0x00,0x00,0x00,
    0x00,0x00,0x00,0x00,0x00,0x00,0x00,0x00,0x00,0x00,0x00,0x00,0x00,0x00,0x00,0x00,
    0x00,0x00,0x00,0x00,0x00,0x00,0x00,0x00,0x00,0x00,0x00,0x00,0x00,0x00,0x00,0x00,
    0x00,0x00,0x00,0x00,0x00,0x00,0x00,0x00,0x00,0x00,0x00,0x00,0x00,0x00,0x00,0x00,
    0x00,0x00,0x00,0x00,0x00,0x00,0x00,0x00,0x00,0x00,0x00,0x00,0x00,0x00,0x00,0x00,
    0x00,0x00,0x00,0x00,0x00,0x00,0x00,0x00,0x00,0x00,0x00,0x00,0x00,0x00,0x00,0x00,
    0x00,0x00,0x00,0x00,0x00,0x00,0x00,0x00,0x00,0x00,0x00,0x00,0x00,0x00,0x00,0x00,
    0x00,0x00,0x00,0x00,0x00,0x00,0x00,0x00,0x00,0x00,0x00,0x00,0x00,0x00,0x00,0x00,
    0x00,0x00,0x00,0x00,0x00,0x00,0x00,0x00,0x00,0x00,0x00,0x00,0x00,0x00,0x00,0x00,
    0x00,0x00,0x00,0x00,0x00,0x00,0x00,0x00,0x00,0x00,0x00,0x00,0x00,0x00,0x00,0x00,
    0x00,0x00,0x00,0x00,0x00,0x00,0x00,0x00,0x00,0x00,0x00,0x00,0x00,0x00,0x00,0x00,
    0x00,0x00,0x00,0x00,0x00,0x00,0x00,0x00,0x00,0x00,0x00,0x00,0x00,0x00,0x00,0x00,
    0x00,0x00,0x00,0x00,0x00,0x00,0x00,0x00,0x00,0x00,0x00,0x00,0x00,0x00,0x00,0x00,
    0x00,0x00,0x00,0x00,0x00,0x00,0x00,0x00,0x00,0x00,0x00,0x00,0x00,0x00,0x00,0x00,
    0x00,0x00,0x00,0x00,0x00,0x00,0x00,0x00,0x00,0x00,0x00,0x00,0x00,0x00,0x00,0x00,
    0x00,0x00,0x00,0x00,0x00,0x00,0x00,0x00,0x00,0x00,0x00,0x00,0x00,0x00,0x00,0x00,
    0x00,0x00,0x00,0x00,0x00,0x00,0x00,0x00,0x00,0x00,0x00,0x00,0x00,0x00,0x00,0x00,
    0x00,0x00,0x00,0x00,0x00,0x00,0x00,0x00,0x00,0x00,0x00,0x00,0x00,0x00,0x00,0x00,
    0x00,0x00,0x00,0x00,0x00,0x00,0x00,0x00,0x00,0x00,0x00,0x00,0x00,0x00,0x00,0x00,
    0x00,0x00,0x00,0x00,0x00,0x00,0x00,0x00,0x00,0x00,0x00,0x00,0x00,0x00,0x00,0x00,
    0x00,0x00,0x00,0x00,0x00,0x00,0x00,0x00,0x00,0x00,0x00,0x00,0x00,0x00,0x00,0x00,
    0x00,0x00,0x00,0x00,0x00,0x00,0x00,0x00,0x00,0x00,0x00,0x00,0x00,0x00,0x00,0x00,
    0x00,0x00,0x00,0x00,0x00,0x00,0x00,0x00,0x00,0x00,0x00,0x00,0x00,0x00,0x00,0x00,
    0x00,0x00,0x00,0x00,0x00,0x00,0x00,0x00,0x00,0x00,0x00,0x00,0x00,0x00,0x00,0x00,
    0x00,0x00,0x00,0x00,0x00,0x00,0x00,0x00,0x00,0x00,0x00,0x00,0x00,0x00,0x00,0x00,
    0x00,0x00,0x00,0x00,0x00,0x00,0x00,0x00,0x00,0x00,0x00,0x00,0x00,0x00,0x00,0x00,
    0x00,0x00,0x00,0x00,0x00,0x00,0x00,0x00,0x00,0x00,0x00,0x00,0x00,0x00,0x00,0x00,
    0x00,0x00,0x00,0x00,0x00,0x00,0x00,0x00,0x00,0x00,0x00,0x00,0x00,0x00,0x00,0x00,
    0x00,0x00,0x00,0x00,0x00,0x00,0x00,0x00,0x00,0x00,0x00,0x00,0x00,0x00,0x00,0x00,
    0x00,0x00,0x00,0x00,0x00,0x00,0x00,0x00,0x00,0x00,0x00,0x00,0x00,0x00,0x00,0x00,
    0x00,0x00,0x00,0x00,0x00,0x00,0x00,0x00,0x00,0x00,0x00,0x00,0x00,0x00,0x00,0x00,
    0x00,0x00,0x00,0x00,0x00,0x00,0x00,0x00,0x00,0x00,0x00,0x00,0x00,0x00,0x00,0x00,
    0x00,0x00,0x00,0x00,0x00,0x00,0x00,0x00,0x00,0x00,0x00,0x00,0x00,0x00,0x00,0x00,
    0x00,0x00,0x00,0x00,0x00,0x00,0x00,0x00,0x00,0x00,0x00,0x00,0x00,0x00,0x00,0x00,
    0x00,0x00,0x00,0x00,0x00,0x00,0x00,0x00,0x00,0x00,0x00,0x00,0x00,0x00,0x00,0x00,
    0x00,0x00,0x00,0x00,0x00,0x00,0x00,0x00,0x00,0x00,0x00,0x00,0x00,0x00,0x00,0x00,
    0x00,0x00,0x00,0x00,0x00,0x00,0x00,0x00,0x00,0x00,0x00,0x00,0x00,0x00,0x00,0x00,
    0x00,0x00,0x00,0x00,0x00,0x00,0x00,0x00,0x00,0x00,0x00,0x00,0x00,0x00,0x00,0x00,
    0x00,0x00,0x00,0x00,0x00,0x00,0x00,0x00,0x00,0x00,0x00,0x00,0x00,0x00,0x00,0x00,
    0x00,0x00,0x00,0x00,0x00,0x00,0x00,0x00,0x00,0x00,0x00,0x00,0x00,0x00,0x00,0x00,
    0x00,0x00,0x00,0x00,0x00,0x00,0x00,0x00,0x00,0x00,0x00,0x00,0x00,0x00,0x00,0x00,
    0x00,0x00,0x00,0x00,0x00,0x00,0x00,0x00,0x00,0x00,0x00,0x00,0x00,0x00,0x00,0x00,
    0x00,0x00,0x00,0x00,0x00,0x00,0x00,0x00,0x00,0x00,0x00,0x00,0x00,0x00,0x00,0x00,
    0x00,0x00,0x00,0x00,0x00,0x00,0x80,0x00,0x00,0x00,0x00,0x00,0x00,0x02,0x00,0x00,
    0x00,0x00,0x00,0x00,0x00,0x00,0x00,0x00,0x00,0x00,0x00,0x00,0x00,0x00,0x00,0x00,
    0x00,0x00,0x00,0x00,0x00,0x00,0x00,0x00,0x00,0x00,0x00,0x00,0x00,0x00,0x40,0x04,
    0x00,0x00,0x00,0x00,0x00,0x00,0x00,0x00,0x00,0x00,0x00,0x00,0x00,0x00,0x00,0x00,
    0x00,0x00,0x00,0x00,0x00,0x00,0x00,0x00,0x00,0x00,0x00,0x00,0x00,0x00,0x00,0x00,
    0x00,0x00,0x00,0x00,0x00,0x00,0x00,0x00,0x00,0x00,0x00,0x00,0x00,0x00,0x00,0x00,
    0x00,0x00,0x00,0x00,0x00,0x00,0x00,0x00,0x00,0x00,0x00,0x00,0x00,0x00,0x00,0x00,
    0x00,0x00,0x00,0x00,0x00,0x00,0x00,0x00,0x00,0x00,0x00,0x00,0x00,0x00,0x10,0x00,
    0x00,0x00,0x10,0x00,0x00,0x00,0x00,0x00,0x00,0x00,0x00,0x00,0x00,0x00,0x00,0x00,
    0x00,0x00,0x00,0x00,0x00,0x00,0x00,0x00,0x00,0x00,0x00,0x00,0x00,0x00,0x00,0x00,
    0x00,0x00,0x00,0x00,0x00,0x00,0x20,0x00,0x08,0x00,0x00,0x00,0x00,0x00,0x00,0x00,
    0x00,0x00,0x00,0x00,0x00,0x00,0x00,0x00,0x00,0x00,0x00,0x00,0x00,0x00,0x00,0x00,
    0x00,0x00,0x00,0x00,0x00,0x00,0x00,0x00,0x00,0x08,0x00,0x00,0x00,0x04,0x00,0x00,
    0x00,0x01,0x00,0x00,0x00,0x00,0x00,0x00,0x00,0x00,0x00,0x00,0x00,0x00,0x00,0x00,
    0x00,0x00,0x00,0x00,0x00,0x00,0x00,0x00,0x00,0x00,0x00,0x00,0x00,0x00,0x00,0x00,
    0x00,0x00,0x00,0x00,0x00,0x01,0x00,0x20,0x00,0x00,0x00,0x00,0x00,0x00,0x00,0x00,
    0x00,0x00,0x00,0x00,0x00,0x00,0x00,0x00,0x00,0x00,0x00,0x00,0x00,0x00,0x00,0x00,
    0x00,0x00,0x00,0x00,0x00,0x00,0x00,0x00,0x00,0x00,0x00,0x00,0x00,0x00,0x05,0x02,
    0x00,0x04,0x00,0x00,0x00,0x00,0x00,0x00,0x00,0x00,0x00,0x00,0x00,0x00,0x00,0x00,
    0x00,0x00,0x00,0x00,0x00,0x00,0x00,0x00,0x00,0x00,0x00,0x00,0x00,0x00,0x00,0x00,
    0x00,0x00,0x00,0x00,0x00,0x43,0x45,0x30,0x00,0x00,0x00,0x00,0x00,0x00,0x00,0x00,
    0x80,0x00,0x00,0x00,0x00,0x00,0x00,0x00,0x00,0x00,0x00,0x00,0x00,0x00,0x00,0x00,
    0x00,0x00,0x00,0x00,0x00,0x00,0x00,0x00,0x00,0x00,0x00,0x00,0x04,0x00,0x06,0x00,
    0x10,0x08,0x00,0x00,0x00,0x00,0x00,0x00,0x00,0x00,0x00,0x00,0x00,0x00,0x00,0x00,
    0x00,0x00,0x00,0x00,0x00,0x00,0x00,0x00,0x00,0x00,0x00,0x00,0x00,0x00,0x00,0x00,
    0x00,0x00,0x00,0x00,0x01,0x00,0x00,0x00,0x10,0x00,0x00,0x00,0x00,0x00,0x00,0x03,
    0x00,0x00,0x00,0x00,0x00,0x00,0x00,0x00,0x00,0x00,0x00,0x00,0x00,0x00,0x00,0x08,
    0x00,0x00,0x00,0x00,0x00,0x00,0x00,0x00,0x00,0x00,0x00,0x00,0x00,0x00,0x04,0x01,
    0x00,0x00,0x00,0x00,0x00,0x00,0x00,0x00,0x00,0x00,0x00,0x00,0x00,0x00,0x00,0x00,
    0x00,0x00,0x00,0x00,0x00,0x00,0x00,0x00,0x00,0x00,0x00,0x00,0x00,0x00,0x00,0x00,
    0x00,0x00,0x00,0x0C,0x01,0x10,0x20,0x20,0x41,0x00,0x82,0x80,0x00,0x00,0x00,0x00,
    0x00,0x00,0x00,0x00,0x00,0x00,0x00,0x00,0x00,0x00,0x00,0x00,0x00,0x00,0x00,0x00,
    0x00,0x00,0x00,0x00,0x00,0x00,0x00,0x00,0x00,0x00,0x00,0x03,0x00,0x40,0x04,0x00,
    0xD0,0x12,0x00,0x00,0x40,0x48,0x00,0x00,0x00,0x00,0x00,0x00,0x00,0x00,0x00,0x00,
    0x00,0x00,0x00,0x00,0x00,0x00,0x00,0x10,0x40,0x00,0x00,0x00,0x00,0x00,0x00,0x00,
    0x00,0x00,0x00,0x04,0x01,0x40,0xB0,0x20,0x00,0x94,0x00,0x00,0x00,0x00,0x00,0x00,
    0x00,0x00,0x00,0x00,0x00,0x00,0x00,0x00,0x00,0x00,0x00,0x00,0x00,0x00,0x00,0x00,
    0x00,0x00,0x00,0x00,0x00,0x00,0x00,0x00,0x00,0x00,0x00,0xC6,0x9C,0x30,0xF0,0x00,
    0x08,0x00,0x80,0x00,0x00,0x00,0x00,0x00,0x00,0x00,0x00,0x00,0x00,0x00,0x00,0x00,
    0x00,0x00,0x00,0x00,0x00,0x00,0x04,0x20,0x00,0x00,0x00,0x00,0x00,0x00,0x00,0x00,
    0x00,0x00,0x00,0x03,0x3E,0x04,0x08,0x00,0xC0,0x80,0x00,0x00,0x00,0x00,0x00,0x00,
    0x00,0x00,0x00,0x00,0x00,0x00,0x00,0x00,0x00,0x00,0x00,0x00,0x00,0x00,0x00,0x10,
    0x00,0x00,0x00,0x00,0x00,0x00,0x00,0x00,0x00,0x00,0x00,0x00,0x11,0x04,0xC0,0x00,
    0x80,0x00,0x00,0x00,0xC0,0x00,0x00,0x00,0x00,0x00,0x00,0x00,0x00,0x00,0x00,0x00,
    0x00,0x00,0x00,0x00,0x00,0x00,0x00,0x00,0x00,0x00,0x00,0x00,0x00,0x00,0x00,0x00,
    0x00,0x00,0x00,0x08,0x23,0xCA,0x01,0x02,0x21,0x00,0x00,0x00,0x00,0x00,0x00,0x00,
    0x00,0x00,0x00,0x00,0x00,0x00,0x00,0x00,0x00,0x00,0x00,0x00,0x00,0x00,0x10,0x00,
    0x08,0x00,0x00,0x00,0x00,0x00,0x00,0x00,0x00,0x00,0x00,0x09,0x03,0xE3,0x40,0x00,
    0x30,0x00,0x00,0x00,0x00,0x00,0x00,0x02,0x00,0x02,0x00,0x00,0x00,0x00,0x00,0x00,
    0x00,0x00,0x00,0x00,0x00,0x00,0x12,0x00,0x0A,0x40,0x01,0x00,0x80,0x00,0x00,0x00,
    0x00,0x00,0x00,0x02,0x02,0x02,0x60,0x50,0x60,0x00,0x00,0x00,0x00,0x00,0x00,0x00,
    0x00,0x00,0x00,0x00,0x00,0x00,0x00,0x00,0x00,0x00,0x00,0x00,0x00,0x00,0x20,0x00,
    0x00,0x00,0x20,0x0C,0x00,0x00,0x00,0x00,0x00,0x00,0x00,0x01,0x8A,0xFE,0xA1,0x00,
    0x40,0x00,0x00,0x00,0x00,0x10,0x00,0x00,0x00,0x00,0x00,0x00,0x00,0x00,0x00,0x00,
    0x00,0x00,0x00,0x00,0x00,0x00,0x20,0x00,0x00,0x00,0x10,0x10,0x41,0x00,0x00,0x00,
    0x00,0x00,0x00,0x00,0x00,0xE0,0x25,0x00,0x00,0x00,0x00,0x00,0x00,0x00,0x00,0x00,
    0x00,0x00,0x00,0x00,0x00,0x00,0x00,0x00,0x00,0x00,0x00,0x00,0x00,0x00,0x00,0x08,
    0x00,0x40,0x50,0x48,0x80,0x00,0x00,0x00,0x00,0x00,0x00,0x64,0x38,0x28,0x00,0x00,
    0x11,0x60,0x00,0x00,0x08,0x00,0x00,0x00,0x00,0x09,0x94,0x04,0x00,0x00,0x00,0x00,
    0x00,0x00,0x00,0x00,0x00,0x00,0x00,0x20,0x00,0x29,0x4F,0x8B,0xC0,0x00,0x00,0x00,
    0x00,0x00,0x00,0x81,0x20,0x10,0x1A,0x88,0x00,0x00,0x04,0x00,0x00,0x00,0x00,0x00,
    0x00,0x44,0x00,0x00,0x00,0x00,0x00,0x00,0x00,0x00,0x00,0x00,0x00,0x00,0x10,0x0A,
    0x20,0xA0,0xEB,0x87,0x00,0x00,0x00,0x00,0x00,0x00,0x00,0x94,0xC0,0x0C,0x41,0x30,
    0x80,0x08,0x00,0x05,0x00,0x00,0x00,0x00,0x50,0xA8,0x00,0x00,0x00,0x00,0x00,0x00,
    0x00,0x00,0x00,0x00,0x00,0x00,0x04,0x08,0x20,0x14,0xFC,0xCE,0x00,0x00,0x00,0x00,
    0x00,0x00,0x00,0xA8,0x20,0x01,0xA0,0x20,0x10,0x10,0x00,0x08,0x00,0x00,0x00,0x02,
    0x01,0x04,0x00,0x00,0x00,0x00,0x00,0x00,0x00,0x00,0x00,0x00,0x00,0x00,0x08,0x00,
    0x00,0x75,0x2E,0x78,0x00,0x00,0x00,0x00,0x00,0x00,0x01,0x85,0x41,0x83,0x01,0x81,
    0x42,0x00,0x00,0x00,0x00,0x00,0x00,0x66,0x00,0xC0,0x00,0x00,0x00,0x00,0x00,0x00,
    0x00,0x00,0x00,0x00,0x00,0x00,0x18,0x00,0x01,0x51,0xA1,0x80,0x00,0x00,0x00,0x00,
    0x00,0x00,0x00,0xC3,0x00,0x02,0x14,0xC2,0x91,0x80,0x11,0x00,0x01,0x00,0x00,0x00,
    0x85,0x80,0xC0,0x00,0x00,0x00,0x00,0x00,0x00,0x00,0x00,0x00,0x00,0x00,0x04,0x01,
    0x00,0x01,0x69,0x68,0x00,0x00,0x00,0x00,0x00,0x00,0x00,0x30,0xB0,0x80,0x00,0x9B,
    0x00,0x04,0x06,0x00,0x01,0x00,0x00,0x02,0x84,0xA0,0x70,0x58,0x00,0x00,0x00,0x00,
    0x00,0x00,0x00,0x00,0x00,0x00,0x03,0x00,0x00,0x41,0x40,0xE0,0x00,0x00,0x00,0x00,
    0x00,0x00,0x00,0x20,0x03,0x08,0x00,0x04,0x01,0x85,0x08,0x00,0x00,0x00,0x00,0x09,
    0x0E,0xA0,0xA0,0x58,0x00,0x00,0x00,0x00,0x00,0x00,0x00,0x00,0x00,0x00,0x03,0x08,
    0x01,0x02,0x4F,0xC0,0x00,0x00,0x00,0x00,0x00,0x00,0x00,0x10,0x00,0x40,0x00,0x09,
    0x81,0xD4,0x00,0x00,0x20,0x00,0x00,0x00,0x4F,0xC0,0x00,0xA0,0x00,0x00,0x00,0x00,
    0x00,0x00,0x00,0x00,0x00,0x00,0x01,0x08,0x08,0x40,0x79,0xC0,0x00,0x00,0x00,0x00,
    0x00,0x00,0x80,0x00,0x02,0x50,0x10,0x01,0x01,0x80,0x00,0x00,0xA0,0x00,0x00,0x00,
    0x02,0xC0,0x00,0x00,0x00,0x00,0x00,0x00,0x00,0x00,0x00,0x00,0x00,0x00,0x01,0x04,
    0x44,0x59,0x4C,0x00,0x00,0x00,0x00,0x00,0x00,0x00,0x00,0x80,0x08,0x18,0x24,0x03,
    0x81,0xBE,0x80,0x00,0x10,0x00,0x00,0x00,0x11,0x70,0x08,0x00,0x00,0x00,0x00,0x00,
    0x00,0x00,0x00,0x00,0x00,0x00,0x00,0x00,0x02,0x43,0xEC,0x00,0x00,0x00,0x00,0x00,
    0x00,0x00,0x00,0x00,0x00,0x02,0x00,0xB9,0x00,0x34,0x00,0x00,0xE8,0x00,0x00,0x0E,
    0x80,0x38,0x00,0x00,0x00,0x00,0x00,0x00,0x00,0x00,0x00,0x00,0x00,0x00,0x00,0x00,
    0x00,0xB8,0x11,0x00,0x00,0x00,0x00,0x00,0x00,0x00,0x00,0x00,0x00,0x00,0x00,0x10,
    0x00,0x66,0x62,0x12,0x08,0x00,0x00,0x0A,0x04,0x30,0x00,0x00,0x00,0x00,0x00,0x00,
    0x00,0x00,0x00,0x00,0x00,0x00,0x00,0x00,0x41,0x80,0x03,0x80,0x00,0x00,0x00,0x00,
    0x00,0x00,0x00,0x00,0x00,0x80,0x40,0x14,0x82,0x23,0x10,0x02,0x0F,0x00,0x00,0x00,
    0x1A,0x08,0x00,0x00,0x00,0x00,0x00,0x00,0x00,0x00,0x00,0x00,0x00,0x00,0x00,0x00,
    0x01,0x40,0x03,0x80,0x00,0x00,0x00,0x00,0x00,0x00,0x60,0x00,0x00,0x00,0x00,0x10,
    0x20,0x3B,0x00,0x00,0x14,0x40,0x08,0x00,0x04,0x10,0x00,0x00,0x00,0x00,0x00,0x00,
    0x00,0x00,0x00,0x00,0x00,0x00,0x00,0x00,0x20,0xC0,0x03,0x80,0x00,0x00,0x00,0x00,
    0x00,0x00,0x00,0x00,0x00,0x00,0x00,0x0E,0x83,0x18,0xC0,0x00,0x8F,0xF6,0x90,0x02,
    0x08,0x00,0x00,0x00,0x00,0x00,0x00,0x00,0x00,0x00,0x00,0x00,0x00,0x00,0x00,0x01,
    0x10,0x00,0x00,0x80,0x00,0x00,0x00,0x00,0x00,0x00,0x00,0x00,0x00,0x00,0x00,0x04,
    0x06,0x54,0xE4,0x10,0x2A,0x7C,0x40,0x00,0x00,0x38,0x00,0x00,0x00,0x00,0x00,0x00,
    0x00,0x00,0x00,0x00,0x00,0x00,0x00,0x04,0x32,0x00,0x00,0x00,0x00,0x00,0x00,0x00,
    0x00,0x00,0x00,0x00,0x00,0x00,0x00,0x00,0x61,0x40,0x00,0x00,0x40,0x1E,0x81,0x00,
    0xC4,0x38,0x00,0x00,0x00,0x00,0x00,0x00,0x00,0x00,0x00,0x00,0x00,0x00,0x00,0x02,
    0x40,0x00,0x02,0x00,0x00,0x00,0x00,0x00,0x00,0x00,0x00,0x00,0x00,0x00,0x00,0x00,
    0x30,0x41,0x18,0x02,0x98,0x0E,0x80,0x00,0x5D,0x30,0x00,0x00,0x00,0x00,0x00,0x00,
    0x00,0x00,0x00,0x00,0x00,0x00,0x00,0x00,0x02,0x00,0x00,0x40,0x00,0x00,0x00,0x00,
    0x00,0x00,0x00,0x00,0x00,0x00,0x00,0x00,0x30,0x00,0x08,0x02,0xC4,0xB2,0x04,0x40,
    0x0C,0x00,0x00,0x00,0x00,0x00,0x00,0x00,0x00,0x00,0x00,0x00,0x00,0x00,0x00,0x00,
    0x2C,0xC0,0x80,0x20,0x00,0x00,0x00,0x00,0x00,0x00,0x00,0x00,0x00,0x00,0x00,0x00,
    0x34,0x00,0x30,0x00,0x86,0xD8,0x00,0x06,0x60,0x00,0x00,0x00,0x00,0x00,0x00,0x00,
    0x00,0x00,0x00,0x00,0x00,0x00,0x00,0x00,0x05,0xA0,0x00,0x00,0x00,0x00,0x00,0x00,
    0x00,0x00,0x00,0x00,0x00,0x00,0x00,0x00,0x0E,0x00,0x00,0x00,0xE2,0x10,0x00,0x00,
    0xC0,0x00,0x00,0x00,0x00,0x00,0x00,0x00,0x00,0x00,0x00,0x00,0x00,0x00,0x00,0x00,
    0x01,0xA6,0x40,0x00,0x00,0x00,0x00,0x00,0x00,0x00,0x00,0x00,0x00,0x00,0x00,0x00,
    0x07,0x80,0x00,0x00,0xE2,0x00,0x01,0x86,0x00,0x00,0x00,0x00,0x00,0x00,0x00,0x00,
    0x00,0x00,0x00,0x00,0x00,0x00,0x00,0x00,0x00,0x04,0x00,0x00,0x00,0x00,0x00,0x00,
    0x00,0x00,0x00,0x00,0x00,0x00,0x00,0x02,0x07,0x00,0x80,0x00,0x46,0x40,0x04,0xA8,
    0x00,0x00,0x00,0x00,0x00,0x00,0x00,0x00,0x00,0x00,0x00,0x00,0x00,0x00,0x00,0x00,
    0x00,0x14,0x00,0x00,0x00,0x00,0x00,0x00,0x00,0x00,0x00,0x00,0x00,0x00,0x00,0x00,
    0x04,0x10,0x00,0x00,0x0F,0x80,0x00,0x01,0x80,0x00,0x00,0x00,0x00,0x00,0x00,0x00,
    0x00,0x00,0x00,0x00,0x00,0x00,0x00,0x00,0x00,0x00,0x00,0x00,0x00,0x40,0x00,0x00,
    0x00,0x00,0x00,0x00,0x00,0x00,0x00,0x00,0x81,0x00,0x00,0x00,0x1D,0x00,0x00,0x60,
    0x00,0x00,0x00,0x00,0x00,0x00,0x00,0x00,0x00,0x00,0x00,0x00,0x00,0x00,0x00,0x00,
    0x00,0x02,0x00,0x00,0x00,0x00,0x00,0x00,0x00,0x00,0x00,0x00,0x40,0x00,0x00,0x00,
    0x00,0x00,0x00,0x00,0x06,0x00,0x00,0x60,0x40,0x00,0x00,0x00,0x00,0x00,0x00,0x00,
    0x00,0x00,0x00,0x00,0x00,0x00,0x00,0x00,0x00,0x00,0x00,0x00,0x40,0x00,0x00,0x00,
    0x00,0x00,0x00,0x00,0x00,0x00,0x00,0x00,0x00,0x00,0x00,0x00,0x0C,0x00,0x00,0xE0,
    0x80,0x00,0x00,0x00,0x80,0x00,0x00,0x00,0x00,0x00,0x00,0x00,0x00,0x00,0x00,0x00,
    0x00,0x00,0x10,0x00,0x40,0x00,0x00,0x00,0x00,0x00,0x00,0x00,0x00,0x00,0x00,0x00,
    0x00,0x00,0x00,0x00,0x06,0x00,0x00,0x00,0x00,0x00,0x00,0x00,0x00,0x00,0x00,0x00,
    0x00,0x00,0x00,0x00,0x00,0x00,0x00,0x00,0x00,0x00,0x00,0x0C,0xB0,0x40,0x00,0x00,
    0x00,0x00,0x00,0x00,0x00,0x00,0x00,0x40,0x00,0x00,0x00,0x00,0x02,0x00,0x00,0x07,
    0x00,0x00,0x00,0x00,0x00,0x00,0x00,0x00,0x00,0x00,0x00,0x00,0x00,0x00,0x00,0x00,
    0x00,0x00,0x00,0x04,0x23,0x00,0x00,0x00,0x00,0x00,0x00,0x00,0x01,0x00,0x00,0x00,
    0x01,0x00,0x00,0x00,0x12,0x00,0x00,0x80,0x00,0x00,0x00,0x00,0x00,0x00,0x00,0x00,
    0x00,0x00,0x00,0x00,0x00,0x00,0x00,0x00,0x00,0x00,0x00,0xC8,0x01,0x80,0x00,0x00,
    0x00,0x00,0x00,0x00,0x00,0x00,0x00,0x00,0x00,0x00,0x00,0x00,0x08,0x00,0x00,0x00,
    0x00,0x02,0x00,0x00,0x00,0x00,0x00,0x00,0x00,0x00,0x00,0x00,0x00,0x00,0x00,0x00,
    0x00,0x00,0x00,0x00,0x00,0x00,0x00,0x00,0x00,0x00,0x00,0x00,0x00,0x00,0x00,0x00,
    0x00,0x00,0x00,0x00,0x00,0x00,0x00,0x40,0x00,0x00,0x00,0x00,0x00,0x00,0x00,0x00,
    0x00,0x00,0x00,0x00,0x00,0x00,0x00,0x00,0x00,0x00,0x00,0x00,0x00,0x00,0x00,0x00,
    0x00,0x00,0x00,0x00,0x70,0x00,0x00,0x00,0x00,0x00,0x00,0x00,0x00,0x00,0x00,0xE0,
    0x00,0x00,0x00,0x00,0x00,0x00,0x00,0x00,0x00,0x00,0x00,0x00,0x00,0x00,0x00,0x00,
    0x00,0x00,0x00,0x02,0x00,0x00,0x00,0x00,0x00,0x00,0x00,0x01,0x16,0x00,0x00,0x00,
    0x00,0x00,0x00,0x00,0x00,0x00,0x00,0x50,0x02,0x00,0x00,0x00,0x00,0x00,0x00,0x00,
    0x00,0x00,0x00,0x00,0x00,0x00,0x00,0x00,0x00,0x00,0x00,0x04,0x00,0x00,0x00,0x00,
    0x00,0x00,0x00,0x00,0x00,0x00,0x00,0x00,0x00,0x00,0x00,0x00,0x00,0x00,0x00,0x10,
    0x00,0x00,0x00,0x00,0x00,0x00,0x00,0x00,0x00,0x00,0x00,0x00,0x00,0x00,0x00,0x00,
    0x00,0x00,0x00,0x10,0x00,0x00,0x00,0x00,0x00,0x00,0x00,0x00,0x00,0x00,0x00,0x00,
    0x00,0x00,0x00,0x00,0x00,0x00,0x00,0x20,0x00,0x00,0x00,0x00,0x00,0x00,0x00,0x00,
    0x00,0x00,0x00,0x00,0x00,0x00,0x00,0x00,0x00,0x00,0x00,0x00,0x00,0x00,0x00,0x00,
    0x00,0x00,0x00,0x00,0x00,0x00,0x00,0x00,0x00,0x00,0x00,0x00,0x00,0x00,0x00,0x18,
    0x00,0x00,0x00,0x00,0x00,0x00,0x00,0x00,0x00,0x00,0x00,0x00,0x00,0x00,0x00,0x00,
    0x00,0x00,0x00,0x80,0x00,0x00,0x00,0x00,0x00,0x00,0x00,0x00,0x00,0x00,0x00,0x00,
    0x00,0x00,0x00,0x00,0x00,0x00,0x00,0x00,0x00,0x00,0x00,0x00,0x00,0x00,0x00,0x00,
    0x00,0x00,0x00,0x00,0x00,0x00,0x00,0x00,0x00,0x00,0x00,0xA0,0x00,0x00,0x00,0x00,
    0x00,0x00,0x00,0x00,0x00,0x00,0x00,0x00,0x00,0x00,0x00,0x00,0x00,0x00,0x00,0x00,
    0x00,0x20,0x00,0x00,0x00,0x00,0x00,0x00,0x00,0x00,0x00,0x00,0x00,0x00,0x00,0x00,
    0x00,0x00,0x00,0x00,0x00,0x00,0x00,0x00,0x00,0x00,0x00,0x00,0x00,0x00,0x00,0x00,
    0x80,0x00,0x00,0x00,0x00,0x00,0x00,0x00,0x00,0x00,0x00,0x00,0x00,0x00,0x00,0x00,
    0x00,0x00,0x00,0x00,0x00,0x00,0x00,0x00,0x00,0x00,0x00,0x40,0x00,0x00,0x00,0x80,
    0x00,0x00,0x00,0x00,0x00,0x00,0x00,0x00,0x00,0x00,0x00,0x00,0x00,0x00,0x00,0x00,
    0x00,0x20,0x00,0x00,0x00,0x00,0x00,0x00,0x00,0x00,0x00,0x00,0x00,0x00,0x00,0x00,
    0x00,0x00,0x00,0x80,0x00,0x00,0x00,0x44,0x00,0x00,0x00,0x00,0x00,0x00,0x00,0x00,
    0x80,0x00,0x00,0x00,0x00,0x00,0x00,0x00,0x04,0x00,0x00,0x00,0x00,0x00,0x00,0x00,
    0x00,0x00,0x00,0x00,0x00,0x00,0x00,0x00,0x00,0x00,0x00,0x80,0x00,0x00,0x00,0x06,
    0x00,0x00,0x00,0x00,0x00,0x00,0x00,0x00,0x00,0x00,0x00,0x00,0x00,0x00,0x00,0x00,
    0x00,0x00,0x00,0x00,0x00,0x00,0x00,0x00,0x00,0x00,0x00,0x00,0x00,0x00,0x00,0x00,
    0x00,0x00,0x00,0x00,0x00,0x00,0x10,0x00,0x80,0x00,0x00,0x00,0x00,0x40,0x00,0x01,
    0x00,0x00,0x00,0x00,0x00,0x00,0x00,0x03,0x80,0x00,0x00,0x00,0x20,0x00,0x00,0x00,
    0x00,0x00,0x00,0x00,0x00,0x00,0x00,0x00,0x00,0x00,0x00,0x00,0x00,0x00,0x00,0x10,
    0x00,0x00,0x00,0x00,0x00,0x20,0x00,0x00,0x00,0x00,0x00,0x00,0x00,0x00,0x00,0x00,
    0xBC,0x00,0x00,0x00,0x00,0x00,0x00,0x00,0x00,0x00,0x00,0x00,0x00,0x00,0x00,0x00,
    0x00,0x00,0x00,0x00,0x01,0x00,0x00,0x00,0x40,0x00,0x00,0x00,0x00,0x10,0x00,0x00,
    0x00,0x00,0x00,0x00,0x00,0x00,0x00,0x00,0x04,0x80,0x00,0x00,0x00,0x00,0x00,0x00,
    0x00,0x00,0x00,0x00,0x00,0x00,0x00,0x00,0x00,0x00,0x00,0x20,0x00,0x00,0x00,0x02,
    0x00,0x00,0x00,0x00,0x00,0x10,0x00,0x00,0x00,0x00,0x00,0x00,0x00,0x00,0x00,0x00,
    0x00,0x00,0x00,0x00,0x00,0x00,0x00,0x00,0x00,0x00,0x00,0x00,0x00,0x00,0x00,0x00,
    0x00,0x00,0x00,0x00,0x00,0x00,0x00,0x00,0x00,0x00,0x00,0x00,0x00,0x00,0x00,0x00,
    0x00,0x00,0x00,0x00,0x00,0x00,0x00,0x00,0x00,0x00,0x00,0x00,0x00,0x00,0x00,0x00,
    0x00,0x00,0x00,0x00,0x00,0x00,0x00,0x00,0x00,0x00,0x00,0x10,0x00,0x00,0x00,0x00,
    0x00,0x00,0x00,0x00,0x00,0x00,0x01,0x00,0x00,0x00,0x00,0x00,0x00,0x00,0x00,0x00,
    0x00,0x00,0x00,0x00,0x00,0x00,0x00,0x00,0x00,0x00,0x00,0x00,0x00,0x00,0x00,0x00,
    0x00,0x00,0x00,0x00,0x00,0x02,0x00,0x04,0x00,0x00,0x00,0x00,0x00,0x00,0x00,0x40,
    0x00,0x80,0x00,0x00,0x00,0x00,0x00,0x00,0x00,0x00,0x08,0x00,0x00,0x00,0x00,0x00,
    0x00,0x00,0x00,0x00,0x00,0x00,0x00,0x00,0x00,0x00,0x00,0x00,0x00,0x00,0x00,0x00,
    0x00,0x00,0x00,0x00,0x00,0x00,0x00,0x00,0x00,0x00,0x00,0x00,0x00,0x00,0x00,0x00,
    0x00,0x00,0x00,0x00,0x00,0x00,0x00,0x00,0x00,0x00,0x00,0x00,0x00,0x00,0x00,0x00,
    0x00,0x00,0x00,0x00,0x00,0x02,0x04,0x10,0x00,0x00,0x00,0x00,0x00,0x00,0x00,0x00,
    0x00,0x00,0x00,0x00,0x00,0x00,0x00,0x00,0x00,0x00,0x00,0x00,0x00,0x00,0x00,0x00,
    0x00,0x00,0x00,0x00,0x00,0x00,0x00,0x00,0x00,0x00,0x00,0x00,0x00,0x00,0x0C,0x00,
    0x00,0x00,0x00,0x00,0x00,0x00,0x00,0x00,0x00,0x00,0x00,0x00,0x00,0x00,0x00,0x00,
    0x00,0x00,0x00,0x00,0x00,0x00,0x00,0x00,0x00,0x00,0x00,0x10,0x00,0x00,0x00,0x00,
    0x00,0x00,0x00,0x00,0x0D,0x00,0x00,0x00,0x00,0x00,0x00,0x00,0x00,0x00,0x00,0x10,
    0x00,0x00,0x00,0x00,0x00,0x00,0x00,0x00,0x00,0x00,0x00,0x00,0x00,0x00,0x00,0x00,
    0x00,0x00,0x00,0x00,0x00,0x00,0x00,0x00,0x00,0x00,0x00,0x00,0x00,0x00,0x04,0x00,
    0x00,0x00,0x00,0x00,0x00,0x00,0x00,0x20,0x00,0x20,0x00,0x00,0x00,0x00,0x00,0x00,
    0x00,0x00,0x00,0x00,0x00,0x00,0x00,0x00,0x00,0x00,0x00,0x00,0x00,0x00,0x00,0x00,
    0x00,0x00,0x00,0x00,0x00,0x00,0x02,0x88,0x00,0x00,0x00,0x00,0x00,0x00,0x08,0x00,
    0x00,0x00,0x10,0x00,0x00,0x00,0x00,0x00,0x00,0x00,0x00,0x00,0x20,0x00,0x00,0x00,
    0x00,0x00,0x00,0x00,0x00,0x00,0x00,0x00,0x00,0x00,0x00,0x00,0x00,0x02,0x41,0x00,
    0x00,0x00,0x00,0x00,0x00,0x00,0x00,0x00,0x00,0x00,0x00,0x00,0x00,0x00,0x00,0x00,
    0x00,0x00,0x00,0x00,0x00,0x00,0x00,0x00,0x00,0x00,0x00,0x00,0x00,0x00,0x00,0x00,
    0x00,0x00,0x00,0x00,0x00,0x00,0x0E,0xA0,0x00,0x00,0x00,0x00,0x00,0x00,0x00,0x00,
    0x00,0x00,0x00,0x00,0x00,0x00,0x00,0x00,0x00,0x00,0x00,0x00,0x00,0x00,0x00,0x00,
    0x00,0x00,0x00,0x00,0x00,0x00,0x00,0x00,0x00,0x00,0x00,0x00,0x20,0x02,0x0F,0xC0,
    0x00,0x00,0x00,0x00,0x00,0x00,0x00,0x20,0x00,0x00,0x00,0x00,0x00,0x00,0x00,0x00,
    0x00,0x00,0x00,0x00,0x04,0x00,0x00,0x00,0x00,0x00,0x00,0x00,0x00,0x00,0x00,0x00,
    0x00,0x00,0x00,0x00,0x46,0x00,0x02,0x00,0x00,0x00,0x00,0x00,0x00,0x00,0x02,0x30,
    0x00,0x00,0x00,0x00,0x00,0x00,0x00,0x00,0x00,0x00,0x00,0x00,0x00,0x00,0x00,0x00,
    0x00,0x00,0x00,0x00,0x00,0x00,0x00,0x00,0x00,0x00,0x00,0x00,0x00,0x00,0x00,0x00,
    0x00,0x00,0x00,0x00,0x00,0x00,0x00,0xD0,0x00,0x00,0x00,0x00,0x00,0x00,0x00,0x00,
    0x00,0x00,0x00,0x00,0x00,0x00,0x00,0x00,0x00,0x00,0x00,0x00,0x00,0x00,0x00,0x00,
    0x00,0x00,0x00,0x00,0x04,0x28,0x98,0x00,0x00,0x00,0x00,0x00,0x00,0x00,0x01,0xC0,
    0x00,0x00,0x00,0x00,0x00,0x00,0x00,0x00,0x00,0x00,0x00,0x00,0x00,0x00,0x00,0x00,
    0x00,0x00,0x00,0x00,0x00,0x00,0x00,0x00,0x00,0x00,0x00,0x00,0x40,0x12,0x00,0x00,
    0x00,0x00,0x00,0x00,0x00,0x00,0x01,0x20,0x00,0x00,0x00,0x00,0x00,0x00,0x00,0x00,
    0x00,0x00,0x00,0x00,0x01,0x80,0x00,0x00,0x00,0x00,0x00,0x00,0x00,0x00,0x00,0x00,
    0x00,0x00,0x00,0x00,0x00,0x00,0x40,0x00,0x00,0x00,0x00,0x00,0x00,0x00,0x05,0x00,
    0x00,0x00,0x00,0x00,0x00,0x00,0x00,0x00,0x00,0x00,0x00,0x00,0x00,0x00,0x00,0x00,
    0x00,0x00,0x00,0x00,0x00,0x00,0x00,0x00,0x00,0x00,0x00,0x00,0x00,0x04,0x20,0x00,
    0x00,0x00,0x00,0x00,0x00,0x00,0x00,0x10,0x00,0x00,0x00,0x00,0x00,0x00,0x00,0x00,
    0x00,0x00,0x00,0x00,0x00,0x00,0x00,0x00,0x00,0x00,0x00,0x00,0x00,0x00,0x00,0x00,
    0x00,0x00,0x00,0x00,0x03,0x08,0x00,0x00,0x00,0x00,0x00,0x00,0x00,0x00,0x00,0x20,
    0x00,0x00,0x00,0x00,0x00,0x00,0x00,0x00,0x00,0x00,0x00,0x00,0x00,0x00,0x00,0x00,
    0x00,0x00,0x00,0x00,0x00,0x00,0x00,0x00,0x00,0x00,0x00,0x00,0x10,0x00,0x40,0x00,
    0x00,0x00,0x00,0x00,0x00,0x00,0x00,0x00,0x00,0x00,0x00,0x00,0x00,0x00,0x00,0x00,
    0x03,0x00,0x00,0x00,0x00,0x00,0x00,0x00,0x00,0x00,0x00,0x00,0x00,0x00,0x00,0x00,
    0x00,0x00,0x00,0x00,0x10,0x40,0x00,0x00,0x00,0x00,0x00,0x00,0x00,0x00,0x02,0x00,
    0x00,0x00,0x00,0x00,0x00,0x00,0x00,0x00,0x00,0x00,0x00,0x00,0x02,0x00,0x00,0x00,
    0x00,0x00,0x00,0x00,0x00,0x00,0x00,0x00,0x00,0x00,0x00,0x00,0x40,0x13,0x00,0x00,
    0x00,0x00,0x00,0x00,0x00,0x00,0x80,0x00,0x00,0x00,0x00,0x00,0x00,0x00,0x00,0x00,
    0x00,0x00,0x00,0x00,0x02,0x00,0x00,0x00,0x00,0x00,0x00,0x00,0x00,0x00,0x00,0x00,
    0x00,0x00,0x00,0x00,0x00,0x01,0x00,0x00,0x00,0x00,0x00,0x00,0x00,0x00,0x00,0x00,
    0x00,0x00,0x00,0x00,0x00,0x00,0x00,0x00,0x00,0x00,0x00,0x10,0x08,0x00,0x00,0x00,
    0x00,0x00,0x00,0x00,0x00,0x00,0x00,0x00,0x00,0x00,0x00,0x00,0x00,0x00,0x00,0x00,
    0x00,0x00,0x00,0x00,0x00,0x00,0x00,0x00,0x00,0x00,0x00,0x00,0x00,0x00,0x00,0x00,
    0x00,0x00,0x00,0x00,0x20,0x00,0x00,0x10,0x00,0x00,0x00,0x00,0x00,0x00,0x00,0x00,
    0x00,0x00,0x00,0x00,0x00,0x00,0x00,0x00,0x00,0x00,0x00,0x00,0x00,0x00,0x00,0x00,
    0x00,0x00,0x00,0x00,0x00,0x00,0x00,0x00,0x00,0x00,0x00,0x00,0x40,0x00,0x00,0x00,
    0x00,0x00,0x00,0x00,0x00,0x00,0x00,0x00,0x00,0x00,0x00,0x00,0x00,0x80,0x00,0x00,
    0x00,0x00,0x00,0x00,0x00,0x00,0x00,0x00,0x00,0x00,0x00,0x00,0x00,0x00,0x00,0x00,
    0x00,0x00,0x00,0x00,0x00,0x00,0x00,0x00,0x00,0x00,0x00,0x00,0x00,0x00,0x00,0x00,
    0x00,0x00,0x00,0x00,0x00,0x00,0x00,0x00,0x00,0x00,0x00,0x00,0x00,0x00,0x00,0x00,
    0x00,0x00,0x00,0x00,0x00,0x00,0x00,0x00,0x00,0x00,0x00,0x00,0x00,0x00,0x00,0x08,
    0x00,0x00,0x00,0x00,0x00,0x00,0x00,0x00,0x00,0x00,0x00,0x00,0x00,0x00,0x00,0x00,
    0x00,0x00,0x00,0x00,0x00,0x00,0x00,0x00,0x00,0x00,0x00,0x00,0x00,0x00,0x00,0x00,
    0x00,0x00,0x00,0x00,0x20,0x00,0x00,0x00,0x00,0x00,0x00,0x00,0x00,0x00,0x00,0x00,
    0x00,0x00,0x00,0x00,0x00,0x00,0x00,0x00,0x00,0x00,0x00,0x00,0x00,0x00,0x00,0x00,
    0x00,0x00,0x00,0x00,0x00,0x00,0x00,0x00,0x00,0x00,0x00,0x00,0x00,0x00,0x00,0x00,
    0x00,0x00,0x00,0x00,0x00,0x00,0x00,0x00,0x00,0x00,0x00,0x00,0x00,0x00,0x00,0x00,
    0x00,0x00,0x00,0x00,0x00,0x00,0x00,0x00,0x00,0x00,0x00,0x00,0x00,0x00,0x00,0x00,
    0x00,0x00,0x00,0x00,0x20,0x00,0x00,0x00,0x00,0x00,0x00,0x00,0x00,0x00,0x00,0x00,
    0x00,0x00,0x00,0x00,0x00,0x00,0x00,0x00,0x00,0x00,0x00,0x00,0x00,0x00,0x00,0x00,
    0x00,0x00,0x00,0x00,0x00,0x00,0x00,0x00,0x00,0x00,0x00,0x00,0x00,0x00,0x00,0x00,
    0x00,0x00,0x00,0x00,0x00,0x00,0x00,0x00,0x00,0x00,0x00,0x00,0x08,0x00,0x00,0x00,
    0x00,0x00,0x00,0x00,0x00,0x00,0x00,0x00,0x00,0x00,0x00,0x00,0x00,0x00,0x00,0x00,
    0x00,0x00,0x00,0x00,0x00,0x00,0x00,0x00,0x00,0x00,0x00,0x00,0x00,0x00,0x00,0x00,
    0x00,0x00,0x00,0x00,0x00,0x00,0x00,0x00,0x00,0x00,0x00,0x00,0x00,0x00,0x00,0x00,
    0x00,0x00,0x00,0x00,0x00,0x00,0x00,0x00,0x00,0x00,0x00,0x00,0x00,0x00,0x00,0x00,
    0x00,0x00,0x00,0x00,0x00,0x00,0x00,0x00,0x00,0x00,0x00,0x00,0x00,0x00,0x00,0x00,
    0x00,0x00,0x00,0x00,0x00,0x00,0x00,0x00,0x00,0x00,0x00,0x00,0x00,0x00,0x00,0x00,
    0x00,0x00,0x00,0x00,0x00,0x00,0x00,0x00,0x00,0x00,0x00,0x00,0x00,0x00,0x00,0x00,
    0x00,0x00,0x00,0x00,0x00,0x00,0x00,0x00,0x00,0x00,0x00,0x00,0x00,0x00,0x00,0x00,
    0x00,0x00,0x00,0x00,0x00,0x00,0x00,0x00,0x00,0x00,0x00,0x00,0x00,0x00,0x00,0x00,
    0x00,0x00,0x00,0x00,0x00,0x00,0x00,0x00,0x00,0x00,0x00,0x00,0x00,0x00,0x00,0x00,
    0x00,0x00,0x00,0x00,0x00,0x00,0x00,0x00,0x00,0x00,0x00,0x00,0x00,0x00,0x00,0x00,
    0x00,0x00,0x00,0x00,0x00,0x00,0x00,0x00,0x00,0x00,0x00,0x00,0x00,0x00,0x00,0x00,
    0x00,0x00,0x00,0x00,0x00,0x00,0x00,0x00,0x00,0x00,0x00,0x00,0x00,0x00,0x00,0x00,
    0x00,0x00,0x00,0x00,0x00,0x00,0x00,0x00,0x00,0x00,0x00,0x00,0x00,0x00,0x00,0x00,
    0x00,0x00,0x00,0x00,0x00,0x00,0x00,0x00,0x00,0x00,0x00,0x00,0x00,0x00,0x00,0x00,
    0x00,0x00,0x00,0x00,0x00,0x00,0x00,0x00,0x00,0x00,0x00,0x00,0x00,0x00,0x00,0x00,
    0x00,0x00,0x00,0x00,0x00,0x00,0x00,0x00,0x00,0x00,0x00,0x00,0x00,0x00,0x00,0x00,
    0x00,0x00,0x00,0x00,0x00,0x00,0x00,0x00,0x00,0x00,0x00,0x00,0x00,0x00,0x00,0x00,
    0x00,0x00,0x00,0x00,0x00,0x00,0x00,0x00,0x00,0x00,0x00,0x00,0x00,0x00,0x00,0x00,
    0x00,0x00,0x00,0x00,0x00,0x00,0x00,0x00,0x00,0x00,0x00,0x00,0x00,0x00,0x00,0x00,
    0x00,0x00,0x00,0x00,0x00,0x00,0x00,0x00,0x00,0x00,0x00,0x00,0x00,0x00,0x00,0x00,
    0x00,0x00,0x00,0x00,0x00,0x00,0x00,0x00,0x00,0x00,0x00,0x00,0x00,0x00,0x00,0x00,
    0x00,0x00,0x00,0x00,0x00,0x00,0x00,0x00,0x00,0x00,0x00,0x00,0x00,0x00,0x00,0x00,
    0x00,0x00,0x00,0x00,0x00,0x00,0x00,0x00,0x00,0x00,0x00,0x00,0x00,0x00,0x00,0x00,
    0x00,0x00,0x00,0x00,0x00,0x00,0x00,0x00,0x00,0x00,0x00,0x00,0x00,0x00,0x00,0x00,
    0x00,0x00,0x00,0x00,0x00,0x00,0x00,0x00,0x00,0x00,0x00,0x00,0x00,0x00,0x00,0x00,
    0x00,0x00,0x00,0x00,0x00,0x00,0x00,0x00,0x00,0x00,0x00,0x00,0x00,0x00,0x00,0x00,
    0x00,0x00,0x00,0x00,0x00,0x00,0x00,0x00,0x00,0x00,0x00,0x00,0x00,0x00,0x00,0x00,
    0x00,0x00,0x00,0x00,0x00,0x00,0x00,0x00,0x00,0x00,0x00,0x00,0x00,0x00,0x00,0x00,
    0x00,0x00,0x00,0x00,0x00,0x00,0x00,0x00,0x00,0x00,0x00,0x00,0x00,0x00,0x00,0x00,
    0x00,0x00,0x00,0x00,0x00,0x00,0x00,0x00,0x00,0x00,0x00,0x00,0x00,0x00,0x00,0x00,
    0x00,0x00,0x00,0x00,0x00,0x00,0x00,0x00,0x00,0x00,0x00,0x00,0x00,0x00,0x00,0x00,
    0x00,0x00,0x00,0x00,0x00,0x00,0x00,0x00,0x00,0x00,0x00,0x00,0x00,0x00,0x00,0x00,
    0x00,0x00,0x00,0x00,0x00,0x00,0x00,0x00,0x00,0x00,0x00,0x00,0x00,0x00,0x00,0x00,
    0x00,0x00,0x00,0x00,0x00,0x00,0x00,0x00,0x00,0x00,0x00,0x00,0x00,0x00,0x00,0x00,
    0x00,0x00,0x00,0x00,0x00,0x00,0x00,0x00,0x00,0x00,0x00,0x00,0x00,0x00,0x00,0x00,
    0x00,0x00,0x00,0x00,0x00,0x00,0x00,0x00,0x00,0x00,0x00,0x00,0x00,0x00,0x00,0x00,
    0x00,0x00,0x00,0x00,0x00,0x00,0x00,0x00,0x00,0x00,0x00,0x00,0x00,0x00,0x00,0x00,
    0x00,0x00,0x00,0x00,0x00,0x00,0x00,0x00,0x00,0x00,0x00,0x00,0x00,0x00,0x00,0x00,
    0x00,0x00,0x00,0x00,0x00,0x00,0x00,0x00,0x00,0x00,0x00,0x00,0x00,0x00,0x00,0x00,
    0x00,0x00,0x00,0x00,0x00,0x00,0x00,0x00,0x00,0x00,0x00,0x00,0x00,0x00,0x00,0x00,
    0x00,0x00,0x00,0x00,0x00,0x00,0x00,0x00,0x00,0x00,0x00,0x00,0x00,0x00,0x00,0x00,
    0x00,0x00,0x00,0x00,0x00,0x00,0x00,0x00,0x00,0x00,0x00,0x00,0x00,0x00,0x00,0x00,
    0x00,0x00,0x00,0x00,0x00,0x00,0x00,0x00,0x00,0x00,0x00,0x00,0x00,0x00,0x00,0x00,
    0x00,0x00,0x00,0x00,0x00,0x00,0x00,0x00,0x00,0x00,0x00,0x00,0x00,0x00,0x00,0x00,
    0x00,0x00,0x00,0x00,0x00,0x00,0x00,0x00,0x00,0x00,0x00,0x00,0x00,0x00,0x00,0x00,
    0x00,0x00,0x00,0x00,0x00,0x00,0x00,0x00,0x00,0x00,0x00,0x00,0x00,0x00,0x00,0x00,
    0x00,0x00,0x00,0x00,0x00,0x00,0x00,0x00,0x00,0x00,0x00,0x00,0x00,0x00,0x00,0x00,
    0x00,0x00,0x00,0x00,0x00,0x00,0x00,0x00,0x00,0x00,0x00,0x00,0x00,0x00,0x00,0x00,
    0x00,0x00,0x00,0x00,0x00,0x00,0x00,0x00,0x00,0x00,0x00,0x00,0x00,0x00,0x00,0x00,
    0x00,0x00,0x00,0x00,0x00,0x00,0x00,0x00,0x00,0x00,0x00,0x00,0x00,0x00,0x00,0x00,
    0x00,0x00,0x00,0x00,0x00,0x00,0x00,0x00,0x00,0x00,0x00,0x00,0x00,0x00,0x00,0x00,
    0x00,0x00,0x00,0x00,0x00,0x00,0x00,0x00,0x00,0x00,0x00,0x00,0x00,0x00,0x00,0x00,
    0x00,0x00,0x00,0x00,0x00,0x00,0x00,0x00,0x00,0x00,0x00,0x00,0x00,0x00,0x00,0x00,
    0x00,0x00,0x00,0x00,0x00,0x00,0x00,0x00,0x00,0x00,0x00,0x00,0x00,0x00,0x00,0x00,
    0x00,0x00,0x00,0x00,0x00,0x00,0x00,0x00,0x00,0x00,0x00,0x00,0x00,0x00,0x00,0x00,
    0x00,0x00,0x00,0x00,0x00,0x00,0x00,0x00,0x00,0x00,0x00,0x00,0x00,0x00,0x00,0x00,
    0x00,0x00,0x00,0x00,0x00,0x00,0x00,0x00,0x00,0x00,0x00,0x00,0x00,0x00,0x00,0x00,
    0x00,0x00,0x00,0x00,0x00,0x00,0x00,0x00,0x00,0x00,0x00,0x00,0x00,0x00,0x00,0x00,
    0x00,0x00,0x00,0x00,0x00,0x00,0x00,0x00,0x00,0x00,0x00,0x00,0x00,0x00,0x00,0x00,
    0x00,0x00,0x00,0x00,0x00,0x00,0x00,0x00,0x00,0x00,0x00,0x00,0x00,0x00,0x00,0x00,
    0x00,0x00,0x00,0x00,0x00,0x00,0x00,0x00,0x00,0x00,0x00,0x00,0x00,0x00,0x00,0x00,
    0x00,0x00,0x00,0x00,0x00,0x00,0x00,0x00,0x00,0x00,0x00,0x00,0x00,0x00,0x00,0x00,
    0x00,0x00,0x00,0x00,0x00,0x00,0x00,0x00,0x00,0x00,0x00,0x00,0x00,0x00,0x00,0x00,
    0x00,0x00,0x00,0x00,0x00,0x00,0x00,0x00,0x00,0x00,0x00,0x00,0x00,0x00,0x00,0x00,
    0x00,0x00,0x00,0x00,0x00,0x00,0x00,0x00,0x00,0x00,0x00,0x00,0x00,0x00,0x00,0x00,
    0x00,0x00,0x00,0x00,0x00,0x00,0x00,0x00,0x00,0x00,0x00,0x00,0x00,0x00,0x00,0x00,
    0x00,0x00,0x00,0x00,0x00,0x00,0x00,0x00,0x00,0x00,0x00,0x00,0x00,0x00,0x00,0x00,
    0x00,0x00,0x00,0x00,0x00,0x00,0x00,0x00,0x00,0x00,0x00,0x00,0x00,0x00,0x00,0x00,
    0x00,0x00,0x00,0x00,0x00,0x00,0x00,0x00,0x00,0x00,0x00,0x00,0x00,0x00,0x00,0x00,
    0x00,0x00,0x00,0x00,0x00,0x00,0x00,0x00,0x00,0x00,0x00,0x00,0x00,0x00,0x00,0x00,
    0x00,0x00,0x00,0x00,0x00,0x00,0x00,0x00,0x00,0x00,0x00,0x00,0x00,0x00,0x00,0x00,
    0x00,0x00,0x00,0x00,0x00,0x00,0x00,0x00,0x00,0x00,0x00,0x00,0x00,0x00,0x00,0x00,
    0x00,0x00,0x00,0x00,0x00,0x00,0x00,0x00,0x00,0x00,0x00,0x00,0x00,0x00,0x00,0x00,
    0x00,0x00,0x00,0x00,0x00,0x00,0x00,0x00,0x00,0x00,0x00,0x00,0x00,0x00,0x00,0x00,
    0x00,0x00,0x00,0x00,0x00,0x00,0x00,0x00,0x00,0x00,0x00,0x00,0x00,0x00,0x00,0x00,
    0x00,0x00,0x00,0x00,0x00,0x00,0x00,0x00,0x00,0x00,0x00,0x00,0x00,0x00,0x00,0x00,
    0x00,0x00,0x00,0x00,0x00,0x00,0x00,0x00,0x00,0x00,0x00,0x00,0x00,0x00,0x00,0x00,
    0x00,0x00,0x00,0x00,0x00,0x00,0x00,0x00,0x00,0x00,0x00,0x00,0x00,0x00,0x00,0x00,
    0x00,0x00,0x00,0x00,0x00,0x00,0x00,0x00,0x00,0x00,0x00,0x00,0x00,0x00,0x00,0x00,
    0x00,0x00,0x00,0x00,0x00,0x00,0x00,0x00,0x00,0x00,0x00,0x00,0x00,0x00,0x00,0x00,
    0x00,0x00,0x00,0x00,0x00,0x00,0x00,0x00,0x00,0x00,0x00,0x00,0x00,0x00,0x00,0x00,
    0x00,0x00,0x00,0x00,0x00,0x00,0x00,0x00,0x00,0x00,0x00,0x00,0x00,0x00,0x00,0x00,
    0x00,0x00,0x00,0x00,0x00,0x00,0x00,0x00,0x00,0x00,0x00,0x00,0x00,0x00,0x00,0x00,
    0x00,0x00,0x00,0x00,0x00,0x00,0x00,0x00,0x00,0x00,0x00,0x00,0x00,0x00,0x00,0x00,
    0x00,0x00,0x00,0x00,0x00,0x00,0x00,0x00,0x00,0x00,0x00,0x00,0x00,0x00,0x00,0x00,
    0x00,0x00,0x00,0x00,0x00,0x00,0x00,0x00,0x00,0x00,0x00,0x00,0x00,0x00,0x00,0x00,
    0x00,0x00,0x00,0x00,0x00,0x00,0x00,0x00,0x00,0x00,0x00,0x00,0x00,0x00,0x00,0x00,
    0x00,0x00,0x00,0x00,0x00,0x00,0x00,0x00,0x00,0x00,0x00,0x00,0x00,0x00,0x00,0x00,
    0x00,0x00,0x00,0x00,0x00,0x00,0x00,0x00,0x00,0x00,0x00,0x00,0x00,0x00,0x00,0x00,
    0x00,0x00,0x00,0x00,0x00,0x00,0x00,0x00,0x00,0x00,0x00,0x00,0x00,0x00,0x00,0x00,
    0x00,0x00,0x00,0x00,0x00,0x00,0x00,0x00,0x00,0x00,0x00,0x00,0x00,0x00,0x00,0x00,
    0x00,0x00,0x00,0x00,0x00,0x00,0x00,0x00,0x00,0x00,0x00,0x00,0x00,0x00,0x00,0x00,
    0x00,0x00,0x00,0x00,0x00,0x00,0x00,0x00,0x00,0x00,0x00,0x00,0x00,0x00,0x00,0x00,
    0x00,0x00,0x00,0x00,0x00,0x00,0x00,0x00,0x00,0x00,0x00,0x00,0x00,0x00,0x00,0x00,
    0x00,0x00,0x00,0x00,0x00,0x00,0x00,0x00,0x00,0x00,0x00,0x00,0x00,0x00,0x00,0x00,
    0x00,0x00,0x00,0x00,0x00,0x00,0x00,0x00,0x00,0x00,0x00,0x00,0x00,0x00,0x00,0x00,
    0x00,0x00,0x00,0x00,0x00,0x00,0x00,0x00,0x00,0x00,0x00,0x00,0x00,0x00,0x00,0x00,
    0x00,0x00,0x00,0x00,0x00,0x00,0x00,0x00,0x00,0x00,0x00,0x00,0x00,0x00,0x00,0x00,
};
